[0m[48;2;0;0;0m                                                                             [48;2;0;0;1m     [48;2;0;0;0m   [48;2;0;0;1m [48;2;0;0;0m [48;2;0;0;1m  [48;2;0;0;0m               [48;2;0;0;1m [48;2;0;0;0m               [0m
[48;2;0;0;0m                                                  [48;2;0;0;1m [48;2;0;0;0m      [48;2;0;0;1m [48;2;0;0;2m [48;2;0;0;0m                [48;2;0;0;1m   [48;2;0;0;0m      [48;2;0;0;1m [48;2;0;0;0m  [48;2;0;0;1m  [48;2;0;0;0m           [48;2;0;0;1m [48;2;0;0;0m                   [0m
[48;2;0;0;0m                                             [48;2;0;0;1m  [48;2;0;0;0m                           [48;2;0;0;1m [48;2;0;0;0m [48;2;0;0;1m [48;2;0;0;0m          [48;2;0;0;1m   [48;2;0;0;0m         [48;2;0;0;1m [48;2;0;0;0m     [48;2;0;0;1m [48;2;0;0;0m              [0m
[48;2;0;0;0m                  [48;2;0;0;1m [48;2;0;0;0m                      [48;2;0;0;1m [48;2;0;0;0m   [48;2;0;0;1m  [48;2;0;0;0m        [48;2;0;0;1m [48;2;0;0;2m [48;2;0;0;0m     [48;2;0;0;1m [48;2;0;0;0m [48;2;0;0;1m [48;2;0;0;0m     [48;2;0;0;1m  [48;2;0;0;0m     [48;2;0;0;1m [48;2;0;0;0m [48;2;0;0;1m [38;2;0;0;2;48;2;29;39;45m🭞[38;2;0;0;1;48;2;9;14;21m🭓[38;2;0;0;0;48;2;32;30;35m🭝[38;2;22;23;26;48;2;0;0;1m▂ [38;2;11;11;13;48;2;0;0;0m🭇[38;2;17;17;18m𜸢  [38;2;11;11;18m▁[38;2;25;38;44m▂[38;2;52;67;78;48;2;1;0;0m▂[38;2;61;72;73;48;2;0;0;0m▁[48;2;1;0;0m [48;2;0;0;0m [38;2;46;57;59m▂[38;2;65;91;120m▂       [48;2;0;0;1m [48;2;0;0;0m               [0m
[48;2;0;0;0m               [48;2;0;0;1m    [48;2;0;0;0m                     [48;2;0;0;1m [48;2;0;1;3m [48;2;0;0;0m   [48;2;0;0;1m      [48;2;0;0;0m    [48;2;0;0;1m  [48;2;0;0;2m  [48;2;0;0;1m  [48;2;0;0;0m  [48;2;0;0;1m [48;2;0;0;0m  [38;2;24;34;38m🭇[38;2;60;91;105m▂[38;2;0;0;0;48;2;34;47;57m🭓[48;2;13;12;16m🭫[38;2;65;93;108;48;2;0;0;1m▃[38;2;36;48;65;48;2;0;0;2m▂[38;2;0;0;0;48;2;67;88;104m𜴗[38;2;0;0;1;48;2;72;94;113m▀[38;2;0;0;0;48;2;79;100;115m🬎[38;2;25;33;42;48;2;0;0;0m▃[38;2;0;0;1;48;2;14;17;21m🭓[38;2;73;93;106;48;2;0;0;0m▂[38;2;79;94;106;48;2;1;0;0m▂[38;2;0;0;1;48;2;70;91;115m▀[38;2;57;87;108;48;2;35;53;66m𜴱[38;2;76;95;119;48;2;74;84;97m𜴣[38;2;107;129;139;48;2;80;88;100m🬉[38;2;151;126;107;48;2;124;147;156m▅[38;2;194;147;134;48;2;30;39;38m▅[38;2;107;98;67;48;2;81;94;97m𜳋[38;2;90;83;83;48;2;86;106;106m▃[38;2;59;67;71;48;2;9;9;9m🭑[38;2;0;0;0;48;2;172;148;130m▀[38;2;59;69;77;48;2;92;101;105m🬈[38;2;121;124;134;48;2;111;111;123m🬂[38;2;175;151;142;48;2;84;90;93m𜵏[38;2;63;74;86;48;2;120;114;113m🬫[38;2;64;76;90;48;2;158;116;114m🭠[38;2;176;142;113;48;2;223;184;144m▌[38;2;195;162;130;48;2;97;100;120m━[38;2;188;156;148;48;2;130;124;143m🬋[38;2;122;107;90;48;2;9;9;10m▅[38;2;2;0;0;48;2;98;105;112m𜴂[38;2;65;92;99;48;2;97;113;123m𜸽[38;2;7;8;10;48;2;108;120;129m▀[38;2;1;0;0;48;2;40;51;51m🭒[48;2;0;0;0m  [48;2;0;0;1m  [48;2;0;0;0m              [0m
[48;2;0;0;0m              [48;2;0;0;1m [48;2;0;0;0m               [48;2;0;0;1m [48;2;0;0;2m [48;2;0;0;0m [48;2;0;0;1m     [48;2;0;0;2m [48;2;0;0;1m [48;2;0;0;0m [48;2;0;0;1m [48;2;0;0;0m [48;2;0;0;1m [48;2;0;0;0m [48;2;0;0;1m [48;2;0;0;0m [48;2;0;0;1m  [48;2;0;0;0m [48;2;0;0;1m [48;2;0;0;0m   [48;2;0;0;1m [48;2;0;0;0m [48;2;0;0;1m  [38;2;17;17;18m𜺡[38;2;0;0;0;48;2;10;10;12m🭓[48;2;0;0;0m [38;2;23;32;38m▁[38;2;0;0;0;48;2;67;76;83m𜵰[38;2;78;90;100;48;2;0;0;0m▂[38;2;0;0;0;48;2;69;77;86m🭞[38;2;76;92;106;48;2;0;0;1m▅[38;2;74;91;105;48;2;147;123;106m🬫[38;2;51;61;71;48;2;90;107;121m🬋[38;2;95;107;129;48;2;80;81;65m▂[38;2;91;113;131;48;2;104;100;83m◕[38;2;83;87;100;48;2;80;78;84m🭆[38;2;175;150;134;48;2;76;90;107m▖[38;2;108;116;130;48;2;101;115;121m𜴡[48;2;78;81;87m▌[38;2;78;95;120;48;2;52;62;72m🬨[38;2;134;150;171;48;2;92;101;105m▘[38;2;162;166;143;48;2;93;98;99m𜴉[38;2;81;81;93;48;2;79;91;106m🬱[38;2;80;80;94;48;2;94;105;107m𜵅[38;2;186;169;152;48;2;91;100;104m𜴵[38;2;86;79;81;48;2;72;63;60m𜲵[38;2;64;67;90;48;2;98;97;105m𜵩[38;2;42;41;58;48;2;98;106;126m𜶜[38;2;168;129;119;48;2;143;116;115m🭜[38;2;213;155;113;48;2;70;62;83m▂[38;2;84;86;101;48;2;162;129;123m🬎[38;2;178;144;148;48;2;52;39;48m▀[38;2;177;143;147;48;2;52;51;62m🭧[38;2;252;183;155;48;2;69;47;40m▀[38;2;58;36;32;48;2;205;120;97m▅[38;2;122;97;112;48;2;106;76;83m𜰩[38;2;113;105;113;48;2;223;200;178m▀[38;2;109;98;120;48;2;164;122;106m🬮[38;2;177;136;134;48;2;97;66;48m𜵿[38;2;101;87;90;48;2;78;51;53m▂[38;2;112;122;139;48;2;44;42;53m▃[38;2;154;161;164;48;2;229;197;177m🬒[38;2;144;136;142;48;2;194;135;111m𜷌[38;2;255;197;152;48;2;72;66;71m𜴂[38;2;65;80;100;48;2;85;83;98m🬋[38;2;62;70;91;48;2;108;84;85m▬[38;2;136;143;147;48;2;70;86;97m𜺡[38;2;205;180;166;48;2;44;51;65m𜶐[38;2;186;161;147;48;2;121;126;130m𜷛[38;2;0;0;1;48;2;134;122;123m🭕[38;2;20;28;34;48;2;0;0;0m▁[38;2;5;10;16;48;2;0;0;1m▁  [48;2;0;0;0m           [0m
[48;2;0;0;0m           [48;2;0;0;1m  [48;2;0;0;0m                       [48;2;0;0;1m       [48;2;0;0;0m [48;2;0;0;1m [48;2;0;0;0m   [48;2;0;0;1m [48;2;0;0;0m [48;2;0;0;1m  [48;2;0;0;2m [48;2;0;0;0m  [38;2;5;10;18;48;2;0;0;2m▁[38;2;16;17;20;48;2;0;0;1m🭈[38;2;0;0;1;48;2;77;100;114m▀[38;2;53;67;86;48;2;109;119;126m🭠[38;2;104;121;132;48;2;77;108;127m🭄[38;2;95;101;106;48;2;9;14;18m▅[38;2;85;97;99;48;2;63;73;79m𜷞[38;2;63;74;88;48;2;119;124;115m🭧[38;2;81;92;113;48;2;72;83;104m𜴩[38;2;73;52;45;48;2;164;139;121m🭆[38;2;45;44;52;48;2;64;60;51m🭉[38;2;69;61;54;48;2;84;67;53m🬩[38;2;72;73;76;48;2;98;109;131m▙[38;2;97;106;126;48;2;74;81;100m𜵾[38;2;34;44;59;48;2;100;104;119m𜴯[38;2;72;64;72;48;2;69;56;56m𜷱[38;2;154;136;124;48;2;88;76;83m◢[38;2;101;87;87;48;2;145;126;101m𜴩[38;2;177;139;111;48;2;67;50;58m🬖[38;2;132;101;71;48;2;78;58;56m🬋[38;2;74;58;52;48;2;88;78;81m🬄[38;2;134;115;105;48;2;88;88;79m🬎[38;2;164;145;131;48;2;83;84;90m▖[38;2;30;38;56;48;2;69;64;63m𜲠[38;2;70;86;101;48;2;105;109;121m𜷤[38;2;63;61;62;48;2;81;76;72m🬍[38;2;98;91;95;48;2;58;52;57m𜳃[38;2;97;85;94;48;2;70;66;74m𜱣[38;2;54;53;60;48;2;98;99;106m𜵭[38;2;87;81;88;48;2;124;126;132m𜴳[38;2;98;78;85;48;2;108;76;86m𜴨[38;2;108;76;86;48;2;91;81;94m𜵹[38;2;136;124;131;48;2;76;69;80m𜴆[38;2;50;59;76;48;2;87;101;122m🬚[38;2;69;85;98;48;2;83;101;119m𜶦[38;2;62;53;70;48;2;87;78;91m𜺽[38;2;98;105;130;48;2;69;60;74m𜸤[38;2;255;214;159;48;2;186;148;136m𜴃[38;2;184;145;130;48;2;30;17;18m🬎[38;2;32;30;36;48;2;77;88;100m🬭[38;2;239;195;145;48;2;53;51;63m🭊[38;2;255;202;150;48;2;192;150;104m▅[38;2;177;148;121;48;2;86;74;76m🭜[38;2;108;123;144;48;2;81;85;93m🬯[38;2;57;57;67;48;2;123;145;170m𜴧[38;2;144;156;166;48;2;101;113;120m🭬[38;2;81;67;72;48;2;106;86;86m🭄[38;2;168;150;139;48;2;79;71;64m🬉[38;2;131;123;123;48;2;64;73;95m🬆[38;2;38;38;48;48;2;107;107;120m▆[38;2;76;83;99;48;2;113;111;137m𜶘[38;2;175;137;150;48;2;69;67;73m🬩[38;2;24;29;34;48;2;1;3;5m🭎[38;2;50;38;36;48;2;1;0;0m▁[38;2;45;42;51;48;2;0;0;1m▁[48;2;0;0;0m [48;2;0;0;1m [48;2;0;0;0m [48;2;0;0;1m [48;2;0;0;0m  [48;2;0;0;1m [48;2;0;0;0m   [0m
[48;2;0;0;0m                              [48;2;0;0;1m  [48;2;0;0;0m  [48;2;0;0;1m  [48;2;0;0;0m [38;2;248;255;252;48;2;0;0;1m🭇[38;2;232;222;198m▂[38;2;187;204;189;48;2;0;0;0m▃[38;2;205;209;202;48;2;0;0;1m▃[38;2;0;0;1;48;2;107;120;131m🬎[38;2;72;93;106;48;2;0;0;0m▃[38;2;9;17;20;48;2;0;0;3m▂[48;2;0;0;1m  [48;2;0;0;0m [38;2;14;15;18m𜸱[38;2;90;99;104;48;2;0;0;1m▁[38;2;0;0;0;48;2;64;79;69m🭞[38;2;79;101;97;48;2;0;0;0m▃[38;2;72;94;104m▃[38;2;64;90;107m▃[38;2;1;0;0;48;2;77;93;109m▀[48;2;32;61;70m🬂[38;2;71;90;106;48;2;83;93;105m▀[38;2;65;88;97;48;2;81;93;105m𜴂[38;2;73;90;106;48;2;73;87;101m𜴛[38;2;50;54;59;48;2;98;108;124m𜴀[38;2;40;32;33;48;2;74;73;71m𜴫[38;2;51;62;72;48;2;85;99;114m🬁[38;2;88;88;91;48;2;85;91;95m𜴅[38;2;97;106;119;48;2;97;84;77m🭠[38;2;94;93;99;48;2;48;48;51m▂[38;2;61;71;88;48;2;88;93;105m𜶅[38;2;131;115;86;48;2;104;113;130m🬇[38;2;122;121;127;48;2;69;53;51m▀[38;2;108;123;123;48;2;95;92;86m𜶷[38;2;151;142;131;48;2;107;104;92m◇[38;2;71;78;97;48;2;87;95;108m𜺬[38;2;99;97;111;48;2;85;83;98m┖[38;2;69;69;71;48;2;56;57;61m𜴬[38;2;61;57;58;48;2;97;109;122m𜴪[38;2;113;97;108;48;2;29;23;21m▆[38;2;111;111;126;48;2;67;66;76m◣[38;2;60;56;71;48;2;72;71;77m▰[38;2;46;45;51;48;2;109;106;127m🭧[38;2;98;101;108;48;2;44;47;52m𜴸[38;2;119;101;111;48;2;86;76;77m𜸦[38;2;119;99;93;48;2;51;30;23m𜵻[38;2;59;53;60;48;2;95;91;77m𜲡[38;2;139;137;145;48;2;74;64;70m𜶸[38;2;108;85;92;48;2;73;59;66m𜶙[38;2;35;33;39;48;2;69;65;73m▇[38;2;47;45;57;48;2;93;86;88m𜶻[38;2;51;39;41;48;2;76;64;65m𜴛[38;2;74;90;100;48;2;33;25;23m𜴮[38;2;59;69;79;48;2;41;39;42m🬬[38;2;90;97;114;48;2;58;66;81m𜶃[38;2;51;59;77;48;2;69;83;101m𜴈[38;2;48;65;83;48;2;107;119;140m𜺢[38;2;98;114;136;48;2;91;93;112m𜺦[38;2;34;44;54;48;2;106;80;74m𜲤[38;2;36;36;48;48;2;78;74;87m𜴧[38;2;48;51;67;48;2;71;78;92m𜶜[38;2;85;84;79;48;2;70;91;106m🭡[38;2;71;88;112;48;2;85;93;115m▀[38;2;112;123;145;48;2;54;67;86m🬭[38;2;78;86;106;48;2;32;38;54m🭜[38;2;93;116;135;48;2;92;99;120m🬩[38;2;59;66;76;48;2;40;40;48m🬋[38;2;84;74;71;48;2;25;29;39m▗[38;2;193;176;159;48;2;104;106;121m🬇[38;2;204;186;162;48;2;78;71;76m𜸟[38;2;161;129;126;48;2;105;86;78m🭧[38;2;25;26;28;48;2;139;122;131m▃[38;2;83;77;85;48;2;237;189;155m𜵪[38;2;200;139;105;48;2;219;183;155m▂[38;2;39;38;62;48;2;93;76;70m𜶜[38;2;186;142;159;48;2;169;123;121m𜴀[38;2;17;20;28;48;2;0;0;0m▌  [48;2;0;0;1m  [48;2;0;0;2m [48;2;0;0;1m [48;2;0;0;2m [48;2;0;0;1m [48;2;0;0;0m [0m
[48;2;0;0;0m             [48;2;0;0;1m   [48;2;0;0;0m              [48;2;0;0;1m    [48;2;0;0;0m [38;2;0;0;0;48;2;120;135;122m𜴗[48;2;197;205;186m𜴂[38;2;137;121;109;48;2;159;170;155m𜷸[38;2;193;202;198;48;2;130;123;115m🬌[38;2;205;198;189;48;2;144;151;145m▂[38;2;145;147;140;48;2;152;154;147m┷[38;2;134;140;148;48;2;150;148;145m𜸴[38;2;94;119;127;48;2;78;98;107m𜹆[38;2;130;130;127;48;2;78;93;100m▆[38;2;120;136;148;48;2;83;93;105m🬕[38;2;126;147;143;48;2;1;0;1m▆[38;2;148;163;166;48;2;58;91;100m▅[38;2;72;76;81;48;2;85;91;95m𜴄[38;2;67;59;57;48;2;108;123;121m𜴘[38;2;59;61;76;48;2;65;79;79m𜶓[38;2;54;65;77;48;2;86;91;92m🬚[38;2;79;87;99;48;2;107;113;121m𜴃[38;2;72;77;91m𜵾[38;2;116;130;143;48;2;101;107;119m🭙[38;2;97;94;100;48;2;130;119;109m🭜[38;2;83;83;83;48;2;124;121;132m𜵑[38;2;134;119;104;48;2;115;109;114m𜰪[38;2;106;107;112;48;2;74;91;101m𜴂[38;2;94;81;79;48;2;119;105;97m🬮[38;2;63;58;54;48;2;107;98;91m𜴜[38;2;60;42;35;48;2;76;84;104m▂[38;2;109;107;113;48;2;148;130;130m𜴦[38;2;105;93;99;48;2;76;63;67m𜶓[38;2;56;51;58;48;2;79;78;84m𜶻[38;2;76;79;85;48;2;124;129;137m▚[38;2;77;64;69;48;2;97;100;107m🬠[38;2;132;108;99;48;2;44;35;38m𜳇[38;2;113;106;119;48;2;84;65;77m𜷵[38;2;92;73;73;48;2;51;41;42m𜶺[38;2;62;64;79;48;2;78;92;109m🬆[38;2;90;91;95;48;2;142;134;147m𜷕[38;2;77;83;86;48;2;85;97;108m𜶥[38;2;147;136;120;48;2;63;71;78m𜶜[38;2;27;23;20;48;2;108;100;100m🭈[38;2;69;61;44;48;2;130;123;119m𜴌[38;2;44;44;50;48;2;93;92;98m🬂[38;2;111;99;104;48;2;234;209;186m🭞[38;2;67;70;85;48;2;91;97;105m●[38;2;129;127;145;48;2;92;94;109m◘[38;2;238;225;200;48;2;122;105;91m▂[38;2;64;61;80;48;2;218;214;178m𜴴[38;2;44;52;64;48;2;97;92;93m𜺮[38;2;65;70;83;48;2;86;88;104m𜵇[38;2;95;87;95;48;2;143;119;113m𜶯[38;2;39;40;45;48;2;72;66;71m𜶌[38;2;38;51;69;48;2;64;78;94m𜷶[38;2;114;126;137;48;2;63;66;74m🭜[38;2;65;74;87;48;2;87;97;113m𜴬[38;2;126;143;169;48;2;77;77;88m𜶷[38;2;25;23;33;48;2;101;123;136m▀[38;2;24;26;40;48;2;100;115;134m▀[38;2;105;112;127;48;2;14;16;26m▀[38;2;97;112;130;48;2;27;18;28m▀[38;2;24;23;30;48;2;56;65;83m🬭[38;2;24;26;38;48;2;35;45;58m▌[38;2;38;40;53;48;2;70;88;116m■[38;2;39;46;65;48;2;17;18;29m𜵶[38;2;21;17;22;48;2;72;66;73m𜺥[38;2;107;108;113;48;2;17;21;26m𜴧[38;2;90;86;94;48;2;19;18;18m𜴮[38;2;99;97;98;48;2;44;36;50m■[38;2;63;65;83;48;2;22;38;47m🭧[38;2;22;28;35;48;2;23;38;54m▬[38;2;34;23;30;48;2;77;64;71m▌[38;2;42;57;69;48;2;21;19;30m𜵃[38;2;98;77;65;48;2;29;24;26m𜴱[38;2;91;67;70;48;2;98;63;52m▗[38;2;66;52;62;48;2;254;206;132m▖[38;2;248;218;154;48;2;106;88;78m▌[38;2;255;203;135;48;2;29;36;56m🭦[38;2;83;88;84;48;2;222;181;127m🭮[38;2;35;41;53;48;2;2;0;0m▆[38;2;105;105;114;48;2;0;0;0m▅[38;2;15;12;13m𜰤  [48;2;1;0;1m [48;2;0;0;1m [48;2;0;0;2m [48;2;0;0;0m [0m
[48;2;0;0;0m            [48;2;0;0;1m   [48;2;0;0;0m          [48;2;0;0;2m [48;2;0;0;1m [48;2;0;0;0m     [48;2;0;0;1m [38;2;97;112;97m𜸬[38;2;0;0;0;48;2;105;107;104m🭛[38;2;223;222;216;48;2;132;140;124m🬂[38;2;140;142;131;48;2;189;189;176m𜹄[38;2;145;158;156;48;2;177;186;183m𜳊[38;2;135;145;148;48;2;164;170;171m𜶧[38;2;158;142;126;48;2;211;211;197m🬵[38;2;164;172;172;48;2;113;107;101m𜴦[38;2;163;164;168;48;2;115;116;120m𜵋[38;2;143;158;166;48;2;83;95;104m🬍[38;2;132;127;123;48;2;92;104;109m𜸥[38;2;93;104;106;48;2;124;131;135m𜵷[38;2;122;131;144;48;2;100;100;111m🬂[38;2;44;38;40;48;2;77;70;72m▂[38;2;107;94;105;48;2;88;83;91m𜵢[38;2;33;30;38;48;2;76;88;95m𜺢[38;2;147;134;131;48;2;93;88;87m◚[38;2;56;64;79;48;2;87;95;115m🭐[38;2;51;45;51;48;2;78;81;101m🭆[38;2;39;34;40;48;2;66;62;63m▆[38;2;107;109;126;48;2;39;42;51m🬂[38;2;86;84;97;48;2;42;41;47m🬶[38;2;30;24;30;48;2;45;47;60m𜲤[38;2;78;70;88;48;2;40;44;52m𜵫[38;2;46;41;48;48;2;67;52;50m◆[38;2;38;41;52;48;2;63;70;86m𜶑[38;2;78;67;73;48;2;87;87;99m🬯[38;2;107;92;94;48;2;32;14;16m▇[38;2;122;86;79;48;2;99;93;100m▼[38;2;50;38;38;48;2;140;124;124m🬅[38;2;51;35;38;48;2;72;57;57m𜶰[38;2;45;42;53;48;2;115;101;112m𜷋[38;2;140;131;140;48;2;52;39;32m◘[38;2;180;164;159;48;2;73;44;24m▅[38;2;113;109;98;48;2;73;66;66m𜵋[38;2;44;36;44;48;2;80;77;85m𜺪[38;2;64;51;69;48;2;132;130;131m𜴌[38;2;239;232;203;48;2;106;95;93m▅[38;2;227;211;194;48;2;122;109;107m▅[38;2;222;204;187;48;2;150;151;156m▅[38;2;164;163;161;48;2;202;183;161m🬆[38;2;210;189;171;48;2;209;154;115m𜴵[38;2;234;218;188;48;2;200;152;116m𜷊[38;2;230;205;192;48;2;192;143;107m𜴥[38;2;168;119;85;48;2;250;225;195m▅[38;2;218;169;120;48;2;192;120;66m𜶨[38;2;214;169;114;48;2;255;232;197m▆[38;2;255;228;193;48;2;203;169;119m𜴏[38;2;241;220;206;48;2;211;169;119m▀[38;2;186;161;147;48;2;155;135;108m𜸯[38;2;154;120;88;48;2;252;219;203m▃[38;2;176;183;192;48;2;154;155;158m𜴕[38;2;85;97;108;48;2;77;85;94m𜱵[38;2;26;26;35;48;2;108;129;148m𜴧[38;2;20;23;29;48;2;61;61;70m𜸟[38;2;94;106;127m𜶨[38;2;135;152;175;48;2;25;23;30m🬹[38;2;95;115;148;48;2;23;23;28m𜴧[38;2;20;18;27;48;2;44;39;46m𜳕[38;2;108;126;137;48;2;29;22;26m▀[38;2;69;94;112;48;2;18;22;33m🭜[38;2;26;23;33;48;2;78;90;105m𜵩[38;2;152;176;187;48;2;20;22;33m▃[38;2;3;6;12;48;2;7;9;18m𜹀[38;2;20;20;27;48;2;72;92;114m▙[38;2;95;120;142;48;2;3;11;23m🬌[38;2;21;34;53;48;2;19;28;36m𜶈[38;2;9;7;9;48;2;17;24;33m🬭[38;2;5;5;10;48;2;11;8;13m🬐[38;2;26;24;36;48;2;140;139;145m▅[38;2;59;61;76;48;2;13;18;28m𜸺[38;2;26;26;28;48;2;47;40;33m𜸦[38;2;64;42;38;48;2;47;29;28m🭄[38;2;74;51;61;48;2;93;76;79m𜲶[38;2;130;104;97;48;2;45;38;48m🬩[38;2;140;147;139;48;2;214;180;144m𜴣[38;2;53;63;60;48;2;44;33;32m🭞[38;2;238;202;159;48;2;214;150;87m◚[38;2;70;58;56;48;2;119;104;84m🭖[38;2;218;147;105;48;2;148;104;70m🬲[38;2;9;6;2;48;2;81;72;51m𜴦[38;2;97;98;104;48;2;0;0;0m▁[38;2;9;14;17;48;2;1;0;0m𜸢 [48;2;0;0;1m   [0m
[48;2;0;0;0m            [48;2;0;0;1m   [48;2;0;0;0m          [48;2;0;0;1m     [48;2;0;0;2m [48;2;0;0;1m [38;2;12;10;14;48;2;2;0;0m🭉[38;2;1;0;0;48;2;56;53;54m🬀[38;2;180;180;166;48;2;168;156;139m⣕[38;2;168;176;172;48;2;175;180;184m𜵽[38;2;197;188;171;48;2;238;223;205m▆[38;2;145;140;136;48;2;166;156;143m𜱏[38;2;136;137;140;48;2;85;80;77m🭧[38;2;130;123;115;48;2;90;90;90m𜳅[38;2;60;59;57;48;2;72;72;81m𜸞[38;2;88;88;98;48;2;136;135;143m𜴿[38;2;74;74;86;48;2;83;87;98m𜵍[38;2;84;80;88;48;2;113;116;123m𜶲[38;2;124;119;126;48;2;73;71;72m𜴗[38;2;87;85;91;48;2;62;60;65m🬩[38;2;38;33;38;48;2;143;129;126m𜸟[38;2;41;32;42;48;2;123;116;126m𜶒[38;2;79;73;81;48;2;114;100;93m𜲶[38;2;126;123;124;48;2;84;78;83m𜶁[38;2;115;108;108;48;2;51;44;40m🬆[38;2;23;19;24;48;2;67;72;85m𜸥[38;2;84;84;93;48;2;100;90;95m🭑[38;2;140;132;135;48;2;39;33;38m𜸽[38;2;144;136;139;48;2;32;27;33m𜴜[38;2;72;66;74;48;2;51;45;56m🬶[38;2;25;20;20;48;2;158;147;143m𜴪[38;2;18;12;23;48;2;36;26;29m▋[38;2;22;17;17;48;2;109;92;91m🬋[38;2;71;61;64;48;2;129;121;126m𜵃[38;2;95;93;99;48;2;81;74;77m▀[38;2;73;66;69;48;2;35;26;25m🬴[38;2;115;105;108;48;2;120;116;123m𜵥[38;2;143;130;131;48;2;78;73;70m𜴎[38;2;56;54;61;48;2;172;171;180m𜵤[38;2;200;198;192;48;2;88;86;90m▆[38;2;186;188;172;48;2;163;142;124m🭞[38;2;228;237;222;48;2;134;116;97m🭠[38;2;168;139;105;48;2;209;205;188m▃[38;2;206;170;139;48;2;184;121;65m🭞[38;2;202;148;101;48;2;238;214;195m▅[38;2;206;189;172;48;2;175;105;47m🭜[38;2;192;113;57;48;2;211;154;112m▆[38;2;176;106;54;48;2;229;180;130m𜴵[38;2;170;99;46;48;2;255;210;169m▀[38;2;178;106;41;48;2;255;206;166m▀[38;2;161;85;24;48;2;255;218;183m🭜[38;2;200;109;46;48;2;255;222;181m🭜[38;2;255;206;166;48;2;176;99;30m▅[38;2;188;114;41;48;2;239;200;162m▀[38;2;187;131;67;48;2;255;222;184m🭓[38;2;159;99;44;48;2;211;175;124m🭆[38;2;255;211;169;48;2;225;176;124m𜲿[38;2;237;214;187;48;2;192;154;98m𜴵[38;2;176;170;166;48;2;111;85;54m▀[38;2;29;21;22;48;2;33;30;39m■[38;2;78;78;92;48;2;17;14;20m🬒[38;2;9;4;9;48;2;29;24;33m𜲡[38;2;3;0;1m▅[38;2;6;3;8;48;2;46;56;63m🬎[38;2;33;50;63;48;2;6;2;6m▃[38;2;17;13;18m𜷡[38;2;17;22;42;48;2;8;6;12m𜴯[38;2;8;6;12;48;2;17;21;23m▃[38;2;94;109;130;48;2;21;19;30m▃[38;2;28;25;35;48;2;10;6;11m𜵼[38;2;5;3;8;48;2;25;38;53m🬹[38;2;38;38;48;48;2;22;22;30m🭧[38;2;29;29;27;48;2;3;9;15m𜴪[38;2;51;48;66;48;2;15;11;9m𜸞[38;2;22;28;33;48;2;5;6;15m🭞[38;2;29;28;33m🬬[38;2;24;23;34;48;2;9;5;7m𜸟[38;2;57;46;56;48;2;9;17;22m𜷴[38;2;22;23;34;48;2;90;77;81m▗[38;2;30;26;29;48;2;84;83;92m▅[38;2;41;35;39;48;2;29;15;16m┻[38;2;198;172;140;48;2;44;30;38m𜴡[38;2;124;112;100;48;2;186;166;131m🭆[38;2;84;67;67;48;2;63;42;35m🬿[38;2;44;32;33;48;2;187;135;108m𜴍[38;2;189;140;94;48;2;158;107;67m🭞[38;2;80;50;38;48;2;213;135;77m𜳇[38;2;145;106;54;48;2;195;154;90m🭧[38;2;183;135;107;48;2;126;111;113m▆[38;2;56;50;62;48;2;26;21;29m▋[38;2;30;25;29;48;2;3;2;3m▁[48;2;0;0;0m [48;2;0;0;1m [48;2;0;0;2m [0m
[48;2;0;0;0m      [48;2;0;0;1m [48;2;0;0;0m                    [48;2;0;0;1m  [48;2;0;0;2m [48;2;0;0;0m [38;2;127;126;120;48;2;1;0;0m𜺟[38;2;109;105;100;48;2;9;2;2m🭄[38;2;100;99;94;48;2;195;178;162m𜶟[38;2;248;225;203;48;2;175;172;168m𜴆[38;2;205;205;203;48;2;122;126;135m🬆[38;2;134;137;150;48;2;88;91;87m𜵀[38;2;83;84;88;48;2;92;91;98m𜶾[38;2;92;95;101;48;2;127;129;131m𜶞[38;2;97;104;111;48;2;52;51;51m𜵄[38;2;113;120;127;48;2;98;104;107m▍[38;2;65;64;60;48;2;104;104;106m𜴩[38;2;123;119;120;48;2;56;53;54m𜴻[38;2;77;67;65;48;2;112;107;108m𜺮[38;2;131;115;115;48;2;121;106;106m𜴝[38;2;97;84;77;48;2;109;98;87m🬐[38;2;34;27;24;48;2;81;70;67m𜴶[38;2;101;93;101;48;2;162;155;150m𜷉[38;2;78;77;84;48;2;121;114;120m🬡[38;2;111;104;104;48;2;99;83;79m𜶥[38;2;122;108;104;48;2;33;23;26m🬎[38;2;69;62;64;48;2;73;66;71m🬤[38;2;130;123;129;48;2;34;25;26m𜴅[38;2;111;101;112;48;2;81;80;87m𜴔[38;2;88;84;85;48;2;162;166;172m𜷟[38;2;187;181;180;48;2;47;42;46m🭊[38;2;124;111;115;48;2;44;34;26m𜹀[38;2;67;54;42;48;2;88;73;63m𜴴[38;2;46;35;32;48;2;130;113;106m𜰮[38;2;83;73;71;48;2;112;107;106m🭀[38;2;62;58;54;48;2;135;124;121m𜴪[38;2;134;120;116;48;2;69;62;66m𜷏[38;2;73;73;76;48;2;229;211;194m🭞[38;2;225;245;255;48;2;204;175;148m🬋[38;2;123;112;93;48;2;144;122;99m𜴣[38;2;74;62;56;48;2;126;116;109m▃[38;2;78;48;39;48;2;109;80;66m🬚[38;2;124;79;47;48;2;131;93;61m▅[38;2;152;106;63;48;2;129;66;23m🬊[38;2;175;105;47;48;2;216;169;143m🬎[38;2;198;126;63;48;2;236;184;156m▀[38;2;198;140;108;48;2;255;218;180m𜴭[38;2;227;186;132;48;2;195;139;100m🬹[38;2;219;184;132;48;2;214;172;114m🬎[38;2;243;194;122;48;2;228;195;139m▅[38;2;238;189;119;48;2;216;188;134m𜴯[38;2;246;205;143;48;2;230;186;113m𜶬[38;2;255;245;198;48;2;243;193;108m▃[38;2;255;255;214;48;2;225;178;111m▂[38;2;245;184;101;48;2;246;204;137m▆[38;2;255;195;112;48;2;247;220;169m𜶻[38;2;255;247;197;48;2;243;225;168m𜴪[38;2;219;159;94;48;2;255;229;176m🭧[38;2;178;124;63;48;2;232;184;142m𜴗[38;2;86;51;23;48;2;95;71;48m𜴕[38;2;46;38;40;48;2;9;6;10m🭚[38;2;9;5;8;48;2;20;19;23m▇[38;2;25;28;34;48;2;6;2;6m𜴧[38;2;18;11;22;48;2;5;0;4m🬂[38;2;10;6;11;48;2;29;23;36m▆[38;2;9;7;12;48;2;20;18;30m▆[38;2;53;58;70;48;2;4;1;6m𜴧[38;2;81;97;119;48;2;0;0;1m𜴳[38;2;23;26;38;48;2;0;0;0m𜴭[38;2;9;5;10;48;2;24;24;35m🬩[38;2;74;87;109;48;2;3;3;9m▂[38;2;6;4;11;48;2;29;32;48m𜶨[38;2;28;23;29;48;2;7;6;9m𜸟[38;2;23;29;40;48;2;0;2;10m𜴆[38;2;92;91;100;48;2;13;9;14m🬋[38;2;9;7;14;48;2;1;0;3m𜴯[38;2;18;16;18;48;2;5;0;1m𜵯[38;2;7;1;4;48;2;30;23;33m▃[38;2;40;44;57;48;2;23;27;35m𜸟[38;2;16;19;29;48;2;2;1;4m𜶩[38;2;112;113;106;48;2;26;20;14m𜵝[38;2;93;95;83;48;2;39;39;32m🬌[38;2;73;42;29;48;2;26;8;3m🬌[38;2;76;59;62;48;2;27;10;6m🬞[38;2;33;18;12;48;2;93;94;99m🭓[38;2;232;193;155;48;2;136;78;33m🬌[38;2;193;112;44;48;2;54;51;51m▀[38;2;142;106;80;48;2;126;73;29m🭑[38;2;169;131;85;48;2;114;77;46m𜹄[38;2;154;109;77;48;2;189;140;99m𜵥[38;2;79;72;84;48;2;163;114;79m🬍[38;2;150;119;115;48;2;197;140;99m🭟[38;2;177;137;97;48;2;6;6;8m▅[38;2;33;29;6;48;2;0;0;0m𜺜[48;2;1;0;0m [0m
[48;2;0;0;0m            [48;2;0;0;1m  [48;2;0;0;0m     [48;2;0;0;1m   [48;2;0;0;0m   [48;2;0;0;1m    [48;2;0;0;0m  [38;2;0;0;0;48;2;108;109;104m🭚[38;2;220;202;188;48;2;107;101;98m𜶕[38;2;152;137;132;48;2;204;192;178m🭄[38;2;127;122;119;48;2;156;143;142m▅[38;2;122;113;100;48;2;170;169;166m𜵯[38;2;107;104;97;48;2;130;134;140m𜶏[38;2;72;72;81;48;2;86;94;107m𜹀[38;2;73;79;86;48;2;44;44;44m🭫[38;2;44;44;51;48;2;140;129;130m▃[38;2;36;34;38;48;2;116;112;113m𜵙[38;2;139;137;135;48;2;119;113;109m𜵹[38;2;98;93;92;48;2;86;78;71m𜴹[38;2;16;8;5;48;2;121;108;107m𜸞[38;2;120;120;122;48;2;44;42;45m🬙[38;2;100;86;88;48;2;34;21;23m𜴪[38;2;33;23;24;48;2;38;29;27m𜰮[38;2;94;85;98;48;2;20;13;8m𜸟[38;2;93;80;76;48;2;23;18;20m𜴨[38;2;131;126;127;48;2;18;13;16m𜵤[38;2;33;29;33;48;2;30;25;27m𜵾[38;2;33;28;33;48;2;33;23;24m𜶍[38;2;23;19;23;48;2;58;51;56m𜸦[38;2;44;36;44;48;2;24;19;21m🬰[38;2;84;73;79;48;2;36;28;30m𜷔[38;2;88;69;61;48;2;51;35;33m🬍[38;2;58;48;51;48;2;135;123;127m🬮[38;2;106;93;92;48;2;158;140;130m▎[38;2;44;27;18;48;2;120;121;126m▋[38;2;95;112;132;48;2;140;137;142m𜺜[38;2;123;130;134;48;2;72;72;84m𜴠[38;2;106;77;72;48;2;205;203;204m▃[38;2;206;184;152;48;2;155;121;99m𜵃[38;2;64;27;6;48;2;127;87;61m▗[38;2;148;99;58;48;2;106;72;50m⠰[38;2;66;38;18;48;2;198;170;136m🭫[38;2;83;51;28;48;2;172;143;113m🭜[38;2;209;171;148;48;2;223;189;143m▀[38;2;195;154;116;48;2;232;186;156m🭣[38;2;247;218;145;48;2;255;238;187m🬭[38;2;245;194;112;48;2;252;218;159m▃[38;2;248;189;108;48;2;247;209;130m🭆[38;2;236;184;107;48;2;250;200;164m𜴗[38;2;255;193;158;48;2;255;243;195m🭜[38;2;255;254;223;48;2;255;238;204m🬇[38;2;255;228;151m▃[38;2;255;223;156;48;2;255;255;234m▅[38;2;247;225;147;48;2;255;255;247m▆[38;2;255;232;188;48;2;255;255;210m▆[38;2;228;183;154;48;2;255;255;209m▆[38;2;243;180;136;48;2;255;252;209m▅[38;2;255;255;218;48;2;225;170;119m▀[38;2;252;245;197;48;2;255;216;145m𜸥[38;2;214;175;124;48;2;111;79;44m𜴏[38;2;44;23;14;48;2;93;76;67m𜶙[38;2;22;22;29;48;2;0;0;3m▚[38;2;23;24;29;48;2;3;2;7m𜺜[38;2;50;56;69;48;2;0;0;0m𜲡[38;2;20;20;29;48;2;2;2;8m🬈[38;2;11;10;22;48;2;2;2;9m🬍[38;2;23;27;38;48;2;7;5;11m▀[38;2;0;0;1;48;2;21;23;33m🬔[38;2;85;94;119;48;2;3;0;0m▬[38;2;124;150;170;48;2;1;0;3m■[38;2;18;19;29;48;2;5;5;12m𜶃[38;2;20;24;42;48;2;6;2;6m🬂[38;2;3;2;9;48;2;23;25;39m𜴫[38;2;22;14;20;48;2;11;7;9m▀[38;2;10;13;20;48;2;12;5;7m▀[38;2;23;24;29;48;2;3;2;6m🬲[38;2;21;24;27;48;2;0;0;1m𜲠[38;2;15;5;5;48;2;23;18;21m🬞[38;2;6;12;14;48;2;0;3;9m𜹀[38;2;32;28;25;48;2;90;90;87m🬁[38;2;34;34;36;48;2;28;19;20m■[38;2;17;5;5;48;2;18;14;23m◢[38;2;122;98;60;48;2;181;155;100m🬳[38;2;33;18;12;48;2;51;51;27m🭮[38;2;61;36;27;48;2;29;9;6m𜴡[38;2;161;135;93;48;2;80;51;38m𜶖[38;2;124;92;54;48;2;123;86;48m𜲵[38;2;29;14;23;48;2;63;44;29m▀[38;2;186;126;66;48;2;213;176;108m𜺡[38;2;95;64;44;48;2;194;155;105m🬊[38;2;70;29;25;48;2;225;142;88m𜺦[38;2;162;115;51;48;2;222;155;86m🭦[38;2;237;140;113;48;2;237;144;104m▆[38;2;180;130;97;48;2;255;187;122m🭊[38;2;10;7;2;48;2;159;121;126m▀[38;2;0;0;0;48;2;61;56;63m🭧[0m
[48;2;0;0;0m      [48;2;0;0;1m  [48;2;0;0;0m [48;2;0;0;1m [48;2;0;0;0m       [48;2;0;0;1m   [48;2;0;0;0m   [48;2;0;0;1m [48;2;0;0;0m [48;2;0;0;1m    [38;2;99;99;97;48;2;0;0;0m🭇[38;2;154;156;152;48;2;9;5;3m🭄[38;2;106;120;124;48;2;65;71;78m🬋[38;2;67;65;78;48;2;86;86;100m𜸳[38;2;77;66;70;48;2;105;104;113m𜸮[38;2;76;70;74;48;2;101;94;99m𜶵[38;2;64;62;74;48;2;106;105;112m𜳃[38;2;85;79;84;48;2;105;99;98m𜶉[38;2;134;132;151;48;2;70;69;85m𜴷[38;2;14;13;18;48;2;35;30;36m𜰥[38;2;51;41;44;48;2;134;131;137m𜵖[38;2;121;115;114;48;2;47;41;41m𜴎[38;2;62;58;57;48;2;32;23;22m🬒[38;2;83;76;76;48;2;16;10;9m𜶩[38;2;18;7;5;48;2;42;33;30m𜶘[38;2;155;137;130;48;2;122;109;107m𜶈[38;2;35;26;24;48;2;105;92;91m𜴆[38;2;26;24;29;48;2;78;71;73m𜵐[38;2;187;161;152;48;2;19;10;14m▂[38;2;39;33;35;48;2;129;116;119m🬜[38;2;30;21;26;48;2;98;87;93m𜴩[38;2;131;119;120;48;2;32;25;32m🬋[38;2;29;20;19;48;2;104;86;85m𜴡[38;2;21;14;14;48;2;36;28;29m𜹆[38;2;32;23;26;48;2;88;81;86mk[38;2;83;78;79;48;2;100;100;111m𜵿[38;2;34;26;29;48;2;91;74;71m𜴣[38;2;44;45;50;48;2;108;120;131m▚[38;2;113;130;142;48;2;69;72;80m𜸽[38;2;9;9;13;48;2;73;74;95m𜴬[38;2;32;18;21;48;2;70;76;101m▅[38;2;60;39;41;48;2;27;12;12m▮[38;2;94;60;35;48;2;74;51;39m𜱶[38;2;86;50;20;48;2;132;85;44m𜵡[38;2;204;166;143;48;2;86;50;20m🭆[38;2;178;147;129;48;2;168;137;91m𜴗[38;2;223;202;169;48;2;194;177;123m🬺[38;2;255;230;178;48;2;204;183;124m𜴵[38;2;255;255;202;48;2;236;209;152m◚[38;2;255;255;186;48;2;245;204;129m𜴯[38;2;250;225;159;48;2;255;247;188m▅[38;2;255;237;177;48;2;250;202;144m𜺩[38;2;255;206;163;48;2;229;183;120m🭓[38;2;254;214;176;48;2;243;189;124m𜴕[38;2;243;192;113;48;2;131;69;38m🬎[38;2;69;16;7;48;2;143;81;45m▃[38;2;69;15;2;48;2;108;58;38m▅[38;2;106;58;39;48;2;28;0;0m▀[38;2;72;14;6;48;2;19;2;0m🬋[38;2;84;16;11;48;2;28;0;1m𜴳[38;2;97;33;14;48;2;78;12;8m🬂[38;2;97;32;10;48;2;79;13;7m🭧[38;2;130;70;28;48;2;93;29;6m▀[38;2;106;64;44;48;2;85;47;35m𜴍[38;2;35;19;19;48;2;51;29;23m𜶳[38;2;33;29;29;48;2;26;26;28m𜵒[38;2;4;3;9;48;2;14;13;26m🬵[38;2;11;7;16;48;2;6;5;10mn[38;2;14;13;22;48;2;10;3;4m𜺽[38;2;21;18;29;48;2;0;0;4m𜸞[38;2;0;0;0;48;2;27;26;30m🬒[38;2;5;2;2;48;2;10;10;14m▅[38;2;5;5;12;48;2;65;72;88m▆[38;2;18;16;25;48;2;0;0;0m◥[38;2;46;48;64m▬[38;2;35;42;59;48;2;1;0;3m𜴧[38;2;9;6;11;48;2;18;23;34m🭆[38;2;7;12;27;48;2;9;7;10m🭧[38;2;10;5;5;48;2;33;39;51m𜷛[38;2;10;7;8;48;2;28;27;33m𜴋[38;2;1;1;5;48;2;10;18;30m𜶮[38;2;10;11;21;48;2;3;0;2m▆[38;2;65;56;59;48;2;12;15;23m🭜[38;2;17;20;28;48;2;29;36;44m🬹[38;2;74;78;86;48;2;26;25;29m🬛[38;2;10;8;7;48;2;29;19;18m▂[38;2;14;10;16;48;2;33;29;36m𜴠[38;2;19;8;10;48;2;140;120;100m𜴉[38;2;204;202;169;48;2;142;126;98m𜴣[38;2;80;81;74;48;2;8;2;1m𜵈[38;2;22;3;1;48;2;27;4;0m▖[38;2;16;1;2;48;2;38;19;20m𜲿[38;2;171;108;80;48;2;64;44;21m𜶦[38;2;50;33;23;48;2;234;193;137m🭕[38;2;21;14;23;48;2;171;126;80m🭏[38;2;140;72;17;48;2;192;112;47m𜶙[38;2;99;56;20;48;2;81;52;29m▂[38;2;219;152;98;48;2;161;104;60m▅[38;2;121;67;39;48;2;71;41;30m🭑[38;2;214;147;95;48;2;197;140;114m▅[38;2;56;47;61;48;2;113;83;78m🬍[0m
[48;2;0;0;0m                 [48;2;0;0;1m [48;2;0;0;0m [48;2;0;0;1m  [48;2;0;0;0m [48;2;0;0;1m   [48;2;1;0;1m   [38;2;0;0;1;48;2;107;115;123m🬆[38;2;137;137;140;48;2;79;85;88m𜶹[38;2;38;42;44;48;2;97;93;107m▬[38;2;46;51;62;48;2;107;123;135m𜸧[38;2;90;90;99;48;2;80;72;81m🬃[38;2;44;46;53;48;2;79;85;92m🭥[38;2;57;58;63;48;2;91;92;97m𜳌[38;2;38;38;46;48;2;72;66;73m𜶃[38;2;80;70;73;48;2;105;98;106m𜶟[38;2;122;112;108;48;2;42;34;32m🬍[38;2;61;60;54;48;2;106;98;98m𜲣[38;2;116;114;119;48;2;66;60;60m🭊[38;2;58;48;50;48;2;100;93;95m𜴤[38;2;158;142;123;48;2;35;32;30m🬿[38;2;58;47;48;48;2;93;81;80m𜴏[38;2;84;74;72;48;2;107;101;100m🭜[38;2;131;130;127;48;2;86;84;85m𜷔[38;2;203;197;195;48;2;81;72;70m𜴬[38;2;94;80;80;48;2;108;95;93m𜹎[38;2;50;33;36;48;2;109;90;72m🬆[38;2;94;90;88;48;2;238;220;200m🬂[38;2;106;100;99;48;2;131;120;111m🭓[38;2;97;97;97;48;2;44;44;42m🬎[38;2;91;90;87;48;2;90;79;83m◙[38;2;54;54;65;48;2;109;109;122m𜴞[38;2;70;78;90;48;2;95;101;109m𜺺[38;2;154;170;189;48;2;130;145;162m𜴖[38;2;35;38;45;48;2;130;142;154m𜶠[38;2;108;101;107;48;2;47;38;44m╏[38;2;88;81;93;48;2;23;14;21m𜴿[38;2;58;47;56;48;2;23;9;11m🭜[38;2;83;83;80;48;2;40;32;36m🬯[38;2;67;47;33;48;2;32;16;9m𜸥[38;2;57;27;18;48;2;29;8;1m𜹀[38;2;143;98;74;48;2;123;85;51m𜴢[38;2;246;219;162;48;2;147;122;71m🭮[38;2;192;156;105;48;2;100;66;33m𜴗[38;2;183;148;95;48;2;130;81;62m🬎[38;2;172;126;79;48;2;203;159;99m▴[38;2;230;192;130;48;2;220;175;120m🭔[38;2;225;183;123;48;2;246;210;143m𜹁[38;2;152;106;67;48;2;223;183;120m🭆[38;2;135;84;48;48;2;255;204;159m▎[38;2;228;189;142;48;2;206;161;105m🬚[38;2;63;14;12;48;2;94;39;29m𜸵[38;2;32;0;0;48;2;26;1;0m🬶[38;2;99;99;114;48;2;16;0;0m𜲠[38;2;45;21;29;48;2;22;2;8m𜸯[38;2;168;177;203;48;2;29;5;10m🬹[38;2;35;17;24;48;2;0;0;5m𜴅[38;2;24;2;7;48;2;11;5;10m𜴦[38;2;52;26;30;48;2;32;1;3m𜲟[38;2;45;5;5;48;2;57;23;24m🬎[38;2;48;10;6;48;2;78;21;9m▬[38;2;87;46;19;48;2;22;9;9m🭜[38;2;14;3;3;48;2;18;10;14m𜵴[38;2;0;1;9;48;2;24;23;34m🬑[38;2;6;5;9;48;2;14;16;23m🬇[38;2;39;36;45;48;2;5;2;8m𜸞[38;2;2;0;3;48;2;12;10;15m𜶮[38;2;8;7;11;48;2;46;44;51m𜴳[38;2;0;0;0;48;2;18;14;15m𜴄[38;2;35;29;36;48;2;10;3;4m🬰[38;2;11;7;10;48;2;20;18;23m𜸟[38;2;14;4;3;48;2;27;18;26m𜸟[38;2;33;30;35;48;2;2;2;5m▲[38;2;0;0;0;48;2;29;23;27m🬌[38;2;12;4;6;48;2;30;20;22m🬋[38;2;35;22;24;48;2;13;3;3m🬰[38;2;13;5;4;48;2;27;25;29m𜴆[38;2;3;0;0;48;2;25;23;28m◚[38;2;33;28;23;48;2;57;52;51m𜴎[38;2;70;70;70;48;2;24;23;28m🬂[38;2;44;50;42;48;2;24;28;29m𜴢[38;2;36;20;20;48;2;90;69;69m🬩[38;2;34;17;16;48;2;44;40;38m𜵡[38;2;48;34;33;48;2;228;206;166m🭓[38;2;70;57;67;48;2;32;22;29m𜺮[38;2;29;9;9;48;2;66;51;51m🬭[38;2;151;124;91;48;2;92;85;47m▉[38;2;114;108;85;48;2;114;106;72m🬦[38;2;5;0;0;48;2;30;6;5m𜴗[38;2;27;10;3;48;2;71;45;33m𜺪[38;2;27;8;5;48;2;61;23;9m🬀[38;2;101;63;32;48;2;162;114;76m▅[38;2;170;112;65;48;2;99;59;30m🭋[38;2;64;64;53;48;2;148;116;64m𜱏[38;2;100;79;65;48;2;175;112;62m🬓[38;2;220;156;101;48;2;134;71;25m🭓[38;2;95;62;32;48;2;176;134;76m🭮[38;2;98;54;35;48;2;32;22;18m▆[38;2;230;161;116;48;2;158;69;35m𜷛[0m
[48;2;0;0;0m                [48;2;0;0;1m [48;2;0;0;0m  [48;2;0;0;1m  [48;2;1;0;1m [48;2;0;0;1m [38;2;178;192;202m▁[38;2;0;0;1;48;2;105;97;99m🭝[38;2;90;116;131;48;2;1;0;0m▂[38;2;1;0;0;48;2;142;155;169m▀[38;2;3;0;2;48;2;108;126;130m🭚[38;2;79;92;99;48;2;88;121;140m🬎[38;2;66;70;78;48;2;99;115;123m𜵻[38;2;54;59;62;48;2;126;130;136m𜴌[38;2;93;94;100;48;2;180;181;187m𜴓[38;2;84;85;91;48;2;143;140;144m𜶚[38;2;198;192;187;48;2;69;60;57m𜴨[38;2;93;80;78;48;2;63;52;51m𜲵[38;2;114;113;120;48;2;84;63;52m𜵋[38;2;87;85;91;48;2;100;101;108m🬂[38;2;79;73;66;48;2;163;152;137m𜺭[38;2;230;218;210;48;2;169;156;161m𜵵[38;2;87;79;72;48;2;94;83;92m𜱌[38;2;171;158;144;48;2;192;186;172m🬿[38;2;122;106;98;48;2;164;147;136m𜵷[38;2;162;175;195;48;2;130;114;114m𜴧[38;2;154;166;187;48;2;159;147;140m◣[38;2;34;33;35;48;2;206;187;186m𜵌[38;2;164;154;151;48;2;107;99;99m🬛[38;2;115;106;104;48;2;44;41;46m𜶫[38;2;177;181;194;48;2;177;158;145m𜰅[38;2;186;184;181;48;2;137;124;109m┗[38;2;131;131;131;48;2;176;158;145m𜺘[38;2;85;80;79;48;2;150;142;142m🬍[38;2;80;76;74;48;2;163;172;184m🬎[38;2;130;134;145;48;2;127;143;162m𜶧[38;2;95;105;116;48;2;195;197;204m🭞[38;2;14;16;26;48;2;134;147;163m🬩[38;2;44;51;58;48;2;95;95;95m🭀[38;2;29;20;27;48;2;58;48;53m𜴲[38;2;32;29;34;48;2;7;0;1m🭊[38;2;46;44;50;48;2;16;9;9m𜸅[38;2;13;4;1;48;2;38;23;17m𜸠[38;2;23;5;5;48;2;9;2;1m🭧[38;2;13;7;5;48;2;25;12;13m𜵹[38;2;14;6;5;48;2;45;25;24m🬿[38;2;86;50;34;48;2;36;16;11m🭮[38;2;62;42;28;48;2;74;47;42m𜺥[38;2;95;67;63;48;2;59;38;34m𜵵[38;2;51;25;14;48;2;220;183;132m🬌[38;2;246;204;148;48;2;162;114;73m𜹁[38;2;80;51;36;48;2;243;200;139m▃[38;2;189;159;129;48;2;137;101;73m🬋[38;2;144;104;58;48;2;216;180;126m🭆[38;2;29;0;0;48;2;84;34;38m🭠[38;2;72;25;28;48;2;36;5;13m▎[38;2;20;5;5;48;2;13;0;2m𜴂[38;2;35;23;29;48;2;17;3;7m𜰴[38;2;73;78;88;48;2;1;5;13m🭗[38;2;6;14;29;48;2;0;0;0m▀[38;2;13;20;35;48;2;0;5;15m𜺧[48;2;0;0;0m [38;2;42;18;22;48;2;14;3;5m𜴡[38;2;64;33;29;48;2;28;7;15m🭦[38;2;33;17;12;48;2;51;29;20m𜵙[38;2;40;23;19;48;2;77;65;64m🭞[38;2;46;30;40;48;2;22;16;23m🬣[38;2;3;2;10;48;2;21;20;33m⇟[38;2;10;6;15;48;2;78;65;61m🬕[38;2;80;74;70;48;2;44;35;38m𜴧[38;2;17;6;4;48;2;58;51;59m🬋[38;2;132;119;95;48;2;46;21;6m🬒[38;2;159;137;105;48;2;116;97;79m𜸳[38;2;106;86;58;48;2;220;178;132m🬌[38;2;105;88;69;48;2;111;76;39m𜶹[38;2;40;27;16;48;2;104;66;45m𜴦[38;2;29;22;23;48;2;69;62;64m𜴮[38;2;12;9;10;48;2;34;38;39m🬸[38;2;122;107;87;48;2;29;20;17m▅[38;2;20;13;14;48;2;54;41;35m𜴼[38;2;47;41;29;48;2;20;10;6m𜵥[38;2;77;51;38;48;2;107;91;81m𜵡[38;2;33;15;16;48;2;83;67;51m𜶊[38;2;59;42;29;48;2;33;17;17m𜰜[38;2;127;99;86;48;2;27;18;10m𜴓[38;2;78;64;51;48;2;51;42;38m╳[38;2;32;23;19;48;2;172;148;135m𜴳[38;2;187;158;135;48;2;85;52;23m▍[38;2;81;48;25;48;2;122;105;72m𜴧[38;2;73;65;48;48;2;124;99;70m🬮[38;2;175;148;106;48;2;99;92;66m𜺭[38;2;58;62;47;48;2;136;122;87m𜴱[38;2;40;22;21;48;2;19;0;0m🬕[38;2;53;26;17;48;2;41;14;9m𜺭[38;2;76;59;51;48;2;66;35;25m🭤[38;2;130;86;64;48;2;45;20;5m🬞[38;2;92;44;18;48;2;234;204;170m𜴗[38;2;52;44;38;48;2;197;147;86m▃[38;2;158;94;48;48;2;98;60;27m𜴡[38;2;92;47;15;48;2;132;85;36m🭥[38;2;48;30;14;48;2;148;92;48m𜴍[38;2;209;162;136;48;2;177;113;65m𜶜[38;2;144;81;44;48;2;183;112;62m🭅[0m
[48;2;0;0;1m  [48;2;0;0;2m [48;2;0;0;1m [48;2;0;0;0m             [48;2;0;0;1m [48;2;0;0;0m [38;2;139;162;154m▁[38;2;60;64;74m🭊[38;2;1;0;0;48;2;186;198;209m🭜[38;2;100;114;122;48;2;170;198;183m🭠[38;2;210;236;209;48;2;106;124;131m╕[38;2;112;134;144;48;2;145;164;166m╯[38;2;64;65;60;48;2;129;137;145m┰[38;2;41;46;50;48;2;126;132;136m𜴈[38;2;98;119;135;48;2;129;145;154m🬋[38;2;115;132;144;48;2;64;72;81m𜴂[38;2;176;169;163;48;2;106;105;112m𜺲[38;2;54;35;29;48;2;184;171;151m▃[38;2;161;137;127;48;2;93;77;64m▘[38;2;48;52;56;48;2;91;105;99m𜴇[38;2;203;203;205;48;2;88;90;92m𜳒[38;2;113;119;134;48;2;39;39;41m𜵙[38;2;26;33;48;48;2;181;195;210m🭬[38;2;206;209;216;48;2;161;181;186m𜲠[38;2;151;144;150;48;2;195;176;175m𜵪[38;2;198;205;210;48;2;245;227;205m▀[38;2;211;213;204;48;2;172;187;188m𜸹[38;2;206;210;209;48;2;154;147;142m𜵑[38;2;163;169;170;48;2;175;171;176m▙[38;2;88;85;79;48;2;151;148;163m𜲠[38;2;194;204;213;48;2;59;57;60m𜵟[38;2;123;139;155;48;2;72;60;64m🭞[38;2;95;85;86;48;2;147;142;143m𜴕[38;2;120;124;139;48;2;94;109;130m🭫[38;2;94;101;120;48;2;175;184;206m𜵎[38;2;194;200;202;48;2;123;127;139m▂[38;2;189;188;183;48;2;220;213;204m𜷍[38;2;114;106;98;48;2;206;203;195m𜵻[38;2;70;54;51;48;2;84;98;113m𜴧[38;2;76;87;101;48;2;152;152;152m🭜[38;2;111;109;127;48;2;78;70;78m🭜[38;2;72;61;59;48;2;53;44;41m🭚[38;2;116;107;105;48;2;51;44;38m𜸲[38;2;45;39;41;48;2;29;19;14m🭟[38;2;30;17;18;48;2;45;33;25m𜵰[38;2;45;33;27;48;2;36;14;11m┴[38;2;0;0;0;48;2;27;19;14m𜴅[38;2;1;0;0;48;2;33;23;23m🭓[48;2;18;10;13m𜸳[38;2;20;6;5;48;2;78;74;66m𜷤[38;2;51;34;35;48;2;18;14;10m𜸷[38;2;97;72;69;48;2;33;11;9m🬁[38;2;51;35;38;48;2;29;14;14m𜴚[38;2;148;113;99;48;2;38;21;18m🭣[38;2;134;97;80;48;2;83;60;59m▀[38;2;51;26;12;48;2;93;58;54m▊[38;2;76;59;56;48;2;51;32;28m▖[38;2;79;58;53;48;2;28;12;15m𜴊[38;2;18;6;11;48;2;86;48;50m🭏[38;2;90;50;53;48;2;30;3;6m🭀[38;2;36;11;14;48;2;6;0;0m𜺦[38;2;35;30;34;48;2;9;2;5m⢂[48;2;0;0;0m   [38;2;47;38;45;48;2;0;1;3m⠠[38;2;14;3;8;48;2;24;2;7m𜴨[38;2;98;67;71;48;2;29;9;12m𜺺[38;2;140;132;135;48;2;97;80;80m┏[38;2;184;175;163;48;2;42;24;21m▗[38;2;81;69;66;48;2;36;30;34m𜶿[38;2;14;14;18;48;2;29;26;34m𜶕[38;2;18;14;20;48;2;108;90;84m▍[38;2;168;148;134;48;2;122;99;87m𜹅[38;2;69;54;46;48;2;85;70;61m🭆[38;2;123;108;88;48;2;41;26;8m𜵰[38;2;23;11;4;48;2;121;98;95m𜵒[38;2;204;197;155;48;2;19;13;5m🭓[38;2;111;74;44;48;2;71;47;33m🬘[38;2;140;123;101;48;2;166;137;104m𜵬[38;2;66;48;33;48;2;150;114;79m𜶤[38;2;56;42;27;48;2;130;106;85m🭕[38;2;177;144;108;48;2;54;32;18m┞[38;2;99;76;48;48;2;53;32;22m▀[38;2;107;86;65;48;2;64;42;18m𜶬[38;2;200;164;124;48;2;144;115;86m🬖[38;2;66;47;33;48;2;33;16;10m🭓[38;2;114;95;71;48;2;39;26;18m𜴖[38;2;34;29;24;48;2;229;203;188m𜴡[38;2;38;23;17;48;2;148;120;104m🬃[38;2;163;140;114;48;2;66;44;24m🭆[38;2;136;111;81;48;2;35;27;23m𜵖[38;2;24;14;9;48;2;236;204;175m🬀[38;2;203;180;144;48;2;73;50;29m𜶥[38;2;142;115;83;48;2;237;213;164m🬘[38;2;142;120;87;48;2;187;163;107m𜸹[38;2;129;115;85;48;2;8;0;0m▋[38;2;45;18;5;48;2;33;9;0m🭕[38;2;32;9;1;48;2;66;42;25m🭧[38;2;52;25;14;48;2;113;70;33m🭎[38;2;93;69;48;48;2;51;41;33m▊[38;2;35;25;20;48;2;51;29;18m🬂[38;2;61;33;25;48;2;129;88;60m🬊[38;2;48;26;14;48;2;105;66;44m🬌[38;2;219;161;121;48;2;152;87;36m🬋[38;2;136;83;38;48;2;88;52;28m𜹅[38;2;39;9;6;48;2;105;47;36m𜹃[0m
[48;2;0;0;0m [48;2;0;0;1m [48;2;0;0;2m [48;2;0;0;0m   [48;2;0;0;1m       [48;2;0;0;0m [48;2;0;0;1m [48;2;0;0;0m [38;2;0;0;0;48;2;154;163;154m🭝[38;2;204;232;223;48;2;2;0;2m▂[38;2;100;122;132;48;2;6;1;4m▅[38;2;156;194;204;48;2;180;203;202m𜵶[38;2;137;137;140;48;2;178;209;198m𜴈[38;2;194;176;154;48;2;144;147;145m𜴧[38;2;181;181;178m𜱀[38;2;145;145;143;48;2;112;111;108m🬙[38;2;158;164;172;48;2;123;143;152m🭕[38;2;122;123;129;48;2;70;58;76m▊[38;2;52;39;50;48;2;91;90;107m𜴔[38;2;166;168;170;48;2;44;38;45m𜷛[38;2;119;122;131;48;2;51;45;52m𜴖[38;2;57;44;57;48;2;105;98;106m𜸯[38;2;210;209;203;48;2;74;83;90m🬱[38;2;169;211;214;48;2;177;193;198m▬[38;2;200;200;203;48;2;220;218;219m┘[38;2;236;238;230;48;2;112;101;99m▂[38;2;166;194;206;48;2;134;161;162m𜹄[38;2;147;152;151;48;2;184;187;168m𜴠[38;2;178;178;181;48;2;159;159;156m𜵝[38;2;187;187;184;48;2;234;209;194m𜵰[38;2;220;220;223;48;2;188;178;170m𜴐[38;2;229;216;194;48;2;161;140;136m▬[38;2;213;197;188;48;2;164;162;163m▋[38;2;123;142;159;48;2;163;170;175m▃[38;2;127;134;142;48;2;97;126;150m🬲[38;2;97;126;150;48;2;175;176;183m🭚[38;2;172;164;168;48;2;56;71;81m🭜[38;2;88;79;77;48;2;38;48;67m𜶞[38;2;73;78;92;48;2;115;134;151m𜴵[38;2;127;129;134;48;2;95;116;143m🭓[38;2;126;150;166;48;2;97;114;129m🬊[38;2;178;197;210;48;2;109;101;105m▚[38;2;109;101;105;48;2;115;134;148m🭕[38;2;210;232;243;48;2;192;198;203m𜴆[38;2;111;99;91;48;2;57;67;70m🭕[38;2;80;105;115;48;2;83;74;65m🬞[38;2;50;44;40;48;2;84;78;74m𜺯[38;2;59;50;44;48;2;46;41;38m𜸴[38;2;17;10;6;48;2;65;51;38m𜴀[38;2;13;9;7;48;2;83;81;77m𜴱[38;2;38;20;11;48;2;48;41;33m🭛[38;2;18;7;4;48;2;83;86;76m🭥[38;2;33;23;19;48;2;41;27;23m🭑[38;2;44;33;32;48;2;34;24;23m𜳔[38;2;51;35;30;48;2;13;3;2m𜵀[38;2;47;38;32;48;2;21;13;11m𜵶[38;2;24;16;14;48;2;9;3;3m𜸝[38;2;29;11;9;48;2;16;5;3m🭕[38;2;52;42;41;48;2;15;10;12m𜴽[38;2;47;33;28;48;2;25;13;15m◚[38;2;69;46;41;48;2;23;9;9m𜹶[38;2;47;29;25;48;2;161;135;116m𜵄[38;2;220;193;184;48;2;176;152;142m𜶓[38;2;220;184;143;48;2;169;159;134m▅[38;2;225;214;192;48;2;209;181;123m𜴫[38;2;29;5;9;48;2;10;0;1m𜹯[38;2;2;0;0;48;2;25;3;6m🬨[38;2;5;2;4;48;2;23;4;8m🭞[38;2;0;0;0;48;2;21;3;6m🭓[38;2;3;0;0;48;2;50;19;23m🭞[38;2;40;9;14;48;2;4;0;0m🭄[38;2;71;33;39;48;2;83;51;54m🭚[38;2;22;2;5;48;2;116;105;119m𜵵[38;2;48;30;30;48;2;94;62;59m🭠[38;2;227;209;188;48;2;186;161;144m𜷰[38;2;94;83;84;48;2;69;63;59m𜳍[38;2;140;134;143;48;2;81;80;87m𜵌[38;2;99;98;115;48;2;39;36;44m𜶻[38;2;154;139;131;48;2;166;134;119m▆[38;2;60;50;40;48;2;94;78;74m🬒[38;2;25;12;12;48;2;85;65;58m🬌[38;2;80;61;53;48;2;76;71;59m▀[38;2;131;114;91;48;2;50;46;38m🭚[38;2;39;33;33;48;2;28;26;29m🬮[38;2;98;59;22;48;2;116;104;70m𜴛[38;2;136;105;80;48;2;26;7;0m🬗[38;2;33;19;22;48;2;48;45;40m🬶[38;2;86;78;86;48;2;39;27;20m𜸾[38;2;47;34;29;48;2;164;145;98m𜵄[38;2;143;109;93;48;2;254;225;203m🬌[38;2;93;71;52;48;2;34;18;14m▅[38;2;255;228;194;48;2;52;25;15m▁[38;2;83;53;38;48;2;241;203;164m🭕[38;2;230;194;139;48;2;140;113;76m🬋[38;2;65;48;26;48;2;232;203;156m🭡[38;2;252;220;176;48;2;134;99;64m🬚[38;2;246;218;171;48;2;176;152;113m𜹁[38;2;38;35;30;48;2;151;132;131m𜷰[38;2;58;35;17;48;2;220;189;150m🬀[38;2;220;203;150;48;2;121;105;84m🬁[38;2;195;178;112;48;2;109;91;58m▌[38;2;71;63;44;48;2;10;1;0m▋[38;2;12;0;0;48;2;26;5;4m🬚[38;2;26;8;0;48;2;51;28;18m🬆[38;2;151;120;73;48;2;64;35;24m🭖[38;2;77;52;18;48;2;124;100;52m🭥[38;2;76;46;28;48;2;177;152;121m▍[38;2;74;50;35;48;2;129;111;66m🭉[38;2;42;22;24;48;2;218;178;150m▅[38;2;36;18;19;48;2;91;50;24m𜵈[38;2;45;24;8;48;2;158;134;115m🬆[38;2;113;48;14;48;2;86;44;32m🭞[0m
[48;2;0;0;0m  [48;2;0;0;1m  [48;2;0;0;0m  [48;2;0;0;1m  [48;2;0;0;0m  [48;2;0;0;1m  [48;2;0;0;0m  [38;2;0;0;0;48;2;109;115;123m🬝[38;2;0;0;2;48;2;107;115;123m𜴂[38;2;150;144;140;48;2;181;186;176m╤[38;2;204;197;193;48;2;159;154;150m𜵠[38;2;176;177;166;48;2;134;139;137m┴[38;2;126;126;126;48;2;168;175;178m𜵎[38;2;112;109;123;48;2;164;166;171m🭜[38;2;95;97;99;48;2;124;124;127m🬢[38;2;87;73;73;48;2;148;145;161m▁[38;2;193;193;195;48;2;63;67;71m𜴬[38;2;148;143;139;48;2;119;112;107m𜶇[38;2;129;130;122;48;2;112;99;87m▾[38;2;127;130;112;48;2;67;65;69m🬩[38;2;48;36;25;48;2;139;142;123m𜴂[38;2;99;106;113;48;2;148;170;169m🭜[38;2;248;234;219;48;2;180;200;204m╼[38;2;237;241;248;48;2;234;236;241m𜴂[38;2;188;210;205;48;2;206;237;234m𜹅[38;2;192;204;197;48;2;222;236;230m↲[38;2;254;250;232;48;2;198;202;194m🬵[38;2;211;198;177;48;2;204;193;188m🬍[38;2;213;204;187;48;2;238;220;197m🭥[38;2;204;204;202;48;2;202;186;161m🭕[38;2;197;178;168;48;2;248;228;211m🬌[38;2;238;218;202;48;2;152;151;148m🬌[38;2;193;202;202;48;2;135;135;135m𜵫[38;2;154;178;195;48;2;184;192;183m𜳃[38;2;87;108;142;48;2;154;172;192m🭄[38;2;72;85;92;48;2;91;107;119m𜵋[38;2;159;169;183;48;2;137;144;139m🭜[38;2;108;112;104;48;2;77;88;87m𜹌[38;2;142;148;143;48;2;145;139;134m𜴫[38;2;108;131;144;48;2;127;132;134m🭦[38;2;63;106;123;48;2;69;80;91m🭜[38;2;178;178;195;48;2;86;84;97m𜴖[38;2;57;71;80;48;2;98;93;90m╗[38;2;62;64;59;48;2;123;137;143m🭊[38;2;46;58;60;48;2;119;135;143m𜴿[38;2;241;236;219;48;2;46;53;62m𜵡[38;2;48;63;64;48;2;69;79;87m𜱝[38;2;38;38;42;48;2;163;156;151m𜵊[38;2;135;129;123;48;2;112;106;100m▍[38;2;162;158;151;48;2;120;115;109m🬤[38;2;180;183;178;48;2;106;122;132m𜲤[38;2;99;112;124;48;2;64;76;86m𜶙[38;2;46;47;42;48;2;116;119;111m🭕[38;2;19;16;15;48;2;87;81;77m🭥[38;2;40;26;22;48;2;60;45;44m🬅[38;2;66;51;45;48;2;21;12;9m▖[38;2;3;0;0;48;2;57;46;45m🭕[38;2;74;59;59;48;2;8;0;0m⇘[38;2;34;13;10;48;2;11;1;1m🭮[38;2;44;20;17;48;2;46;23;22m🭩[38;2;1;0;0;48;2;18;6;6m𜴿[38;2;111;97;101;48;2;29;24;21m𜴎[38;2;194;175;159;48;2;143;107;81m𜱎[38;2;92;52;14;48;2;188;145;109m𜶀[38;2;239;186;124;48;2;178;116;59m🭫[38;2;255;223;178;48;2;194;158;92m𜴠[38;2;108;67;57;48;2;50;17;3m𜸽[38;2;34;14;19;48;2;94;51;38m🭧[38;2;114;88;99;48;2;104;79;69m🬎[38;2;101;76;61;48;2;51;21;30m▂[38;2;70;46;35;48;2;67;36;48m▂[38;2;95;54;38;48;2;30;25;34m▃[38;2;70;65;81;48;2;97;66;52m🭜[38;2;104;64;46;48;2;252;223;198m🭞[38;2;66;36;22;48;2;236;195;171m🭙[38;2;195;187;143;48;2;158;148;127m𜴗[38;2;126;108;108;48;2;78;66;53m𜴐[38;2;119;112;116;48;2;20;18;23m𜵒[38;2;101;106;116;48;2;20;18;25m▗[38;2;66;69;65;48;2;98;98;98m𜵴[38;2;106;95;73;48;2;61;52;50m𜸞[38;2;180;171;142;48;2;51;45;42m▆[38;2;100;92;83;48;2;161;150;122m𜵊[38;2;22;16;5;48;2;39;33;21m𜲄[38;2;66;58;38;48;2;121;107;85m🬛[38;2;83;63;46;48;2;135;112;97m◣[38;2;194;164;136;48;2;135;108;71m𜷳[38;2;28;20;13;48;2;60;60;58m◙[38;2;106;92;69;48;2;60;42;33m▅[38;2;39;32;29;48;2;143;112;83m𜴴[38;2;178;140;112;48;2;129;93;51m┰[38;2;36;21;13;48;2;116;107;81m▀[38;2;44;34;35;48;2;111;86;58m▂[38;2;136;116;91;48;2;35;23;17m𜴵[38;2;50;40;32;48;2;52;38;18m𜴧[38;2;147;127;79;48;2;216;194;151m𜵩[38;2;63;39;23;48;2;121;95;67m🬌[38;2;181;148;90;48;2;236;220;170m▅[38;2;164;145;95;48;2;189;176;127m𜵐[38;2;205;168;98;48;2;154;130;80m𜴼[38;2;112;94;84;48;2;121;122;84m𜵡[38;2;77;45;10;48;2;120;95;51m▍[38;2;79;73;52;48;2;5;2;2m▌[38;2;29;10;6;48;2;0;0;0m🭥[38;2;80;57;29;48;2;48;28;5m𜹘[38;2;109;73;47;48;2;51;25;7m🭇[38;2;92;78;35;48;2;105;78;51m🬆[38;2;140;93;44;48;2;108;62;23m𜷁[38;2;143;115;64;48;2;51;32;22m🭚[38;2;47;24;16;48;2;44;18;5m▍[38;2;130;78;51;48;2;211;154;124m🭞[38;2;73;45;30;48;2;116;81;65m🭋[38;2;95;48;24;48;2;77;47;29m𜺮[0m
[48;2;0;0;1m    [48;2;0;0;0m  [48;2;0;0;1m  [48;2;0;0;0m  [48;2;0;0;1m  [38;2;107;105;90;48;2;0;0;0m𜺟[38;2;0;0;0;48;2;90;88;94m🭚[38;2;120;124;126;48;2;172;178;180m𜴤[38;2;177;164;158;48;2;170;154;135m▅[38;2;177;154;144;48;2;176;161;155m𜴆[38;2;91;84;86;48;2;176;175;183m𜵴[38;2;93;91;105;48;2;183;180;181m▂[38;2;203;204;206;48;2;137;139;144m▆[38;2;73;78;88;48;2;150;162;175m𜴔[38;2;198;197;189;48;2;140;136;130m𜴫[38;2;120;129;139;48;2;39;29;29m🬦[38;2;120;121;123;48;2;175;177;172m🭩[38;2;64;59;52;48;2;162;163;156m🭄[38;2;26;27;32;48;2;77;79;78m𜴉[38;2;77;99;105;48;2;77;87;95m╒[38;2;121;140;144;48;2;236;232;210m🬍[38;2;203;194;194;48;2;239;236;213m▀[38;2;168;169;175;48;2;137;109;92m🭧[38;2;116;97;78;48;2;197;195;189m▂[38;2;200;192;175;48;2;243;243;230m🭆[38;2;211;188;166;48;2;206;205;200m🭆[38;2;210;184;156;48;2;121;77;40m🬎[38;2;204;184;171;48;2;155;124;85m𜴔[38;2;186;166;151;48;2;143;121;108m▀[38;2;205;202;177;48;2;218;206;180m𜺭[38;2;161;135;113;48;2;241;230;206m▇[38;2;113;94;67;48;2;130;131;137m𜴫[38;2;83;65;58;48;2;124;123;130m𜴱[38;2;150;162;171;48;2;105;99;85m𜴒[38;2;66;76;79;48;2;51;58;64m𜶽[38;2;81;87;91;48;2;99;106;111m𜴤[38;2;78;80;79;48;2;36;36;29m𜶥[38;2;98;87;81;48;2;136;131;116m╋[38;2;109;112;98;48;2;61;69;61m𜴕[38;2;64;77;79;48;2;48;60;64m▀[38;2;93;122;130;48;2;124;124;122m𜶐[38;2;85;101;106;48;2;78;79;84m𜰬[38;2;85;86;88;48;2;151;135;116m𜴴[38;2;101;120;123;48;2;113;135;148m▂[38;2;136;168;189;48;2;62;83;94m𜴕[38;2;143;144;136;48;2;86;109;116m🬄[38;2;86;93;91;48;2;139;129;114m𜵦[38;2;72;73;78;48;2;132;129;120m𜶐[38;2;131;127;115;48;2;166;169;168m𜴏[38;2;65;72;72;48;2;90;95;104m╭[38;2;176;171;164;48;2;140;142;131m𜶺[38;2;77;87;93;48;2;144;147;145m▋[38;2;123;126;122;48;2;80;88;95m𜴗[38;2;145;152;156;48;2;80;104;112m𜸳[38;2;93;95;94;48;2;67;69;71m🬩[38;2;87;90;88;48;2;44;50;50m𜷰[38;2;35;20;14;48;2;61;50;45m🭕[38;2;10;3;1;48;2;36;26;23m🭥[38;2;15;7;10;48;2;10;2;5m𜴾[38;2;26;11;5;48;2;9;0;0m𜶂[38;2;14;6;9;48;2;1;0;0m🬍[38;2;14;1;3;48;2;39;25;21m⇈[38;2;200;150;104;48;2;41;20;9m🬁[38;2;225;177;116;48;2;227;180;129m𜴇[38;2;230;192;151;48;2;83;44;25m𜲡[38;2;177;107;58;48;2;60;21;3m𜵠[38;2;194;152;106;48;2;158;101;64m𜹁[38;2;162;136;119;48;2;74;30;10m▅[38;2;120;54;24;48;2;166;136;120m▀[38;2;137;81;50;48;2;171;140;122m𜴦[38;2;175;137;126;48;2;91;45;24m▅[38;2;218;189;166;48;2;115;62;38m▅[38;2;168;137;120;48;2;211;184;163m🬆[38;2;194;175;135;48;2;255;229;209m⣄[38;2;48;41;48;48;2;204;194;154m▅[38;2;52;44;34;48;2;95;86;84m𜸦[38;2;113;109;121;48;2;19;12;16m𜴒[38;2;123;132;156;48;2;18;15;27m🭉[38;2;79;88;101;48;2;34;41;51m𜺻[38;2;51;59;71;48;2;32;41;51m▂[38;2;144;136;139;48;2;74;73;80m┗[38;2;81;76;72;48;2;109;105;100m𜶄[38;2;19;12;7;48;2;99;97;100m𜶲[38;2;241;230;206;48;2;36;29;24m🬩[38;2;152;140;119;48;2;120;111;98m🬭[38;2;63;66;48;48;2;111;91;64m𜱭[38;2;63;39;12;48;2;131;106;73m𜸞[38;2;139;120;95;48;2;247;229;205m🭑[38;2;135;115;92;48;2;200;177;156m▖[38;2;33;19;9;48;2;194;159;120m🬯[38;2;46;33;28;48;2;113;98;79m🭥[38;2;28;21;19;48;2;137;115;104m𜴳[38;2;32;23;28;48;2;147;122;105m𜴓[38;2;52;34;25;48;2;126;101;85m𜴂[38;2;50;40;24;48;2;150;115;83m𜹇[38;2;70;41;22;48;2;140;111;73m𜴯[38;2;60;35;24;48;2;198;169;140m🬎[38;2;236;195;136;48;2;195;148;113m𜴳[38;2;218;187;161;48;2;76;46;26m🭜[38;2;198;164;127;48;2;109;88;59m𜶬[38;2;26;18;10;48;2;214;197;177m𜴂[38;2;59;63;62;48;2;144;137;109m▮[38;2;66;59;39;48;2;9;7;8m🭐[38;2;24;2;5;48;2;0;0;0m🬇[38;2;38;18;7;48;2;45;24;6m🭆[38;2;36;14;3;48;2;78;51;30m⠄[38;2;76;45;23;48;2;42;24;12m𜴂[38;2;46;29;18;48;2;56;58;57m▊[38;2;45;39;26;48;2;210;186;161m𜵫[38;2;63;30;21;48;2;166;154;115m🭔[38;2;41;19;10;48;2;77;44;34m🬚[38;2;56;28;16;48;2;109;72;39m●[38;2;168;99;57;48;2;109;58;23m🬔[0m
[38;2;0;0;1;48;2;14;9;7m▀[38;2;38;27;27;48;2;0;0;2m▃[38;2;32;23;22;48;2;0;0;0m▂[38;2;20;16;14m▁[38;2;15;9;9;48;2;0;0;1m▁     [48;2;1;0;0m [48;2;0;0;0m [38;2;77;71;67m𜹊[38;2;108;104;71;48;2;132;121;101m🬌[38;2;239;222;202;48;2;177;164;152m▬[38;2;143;150;155;48;2;220;209;204m🭕[38;2;115;130;137;48;2;143;158;166m𜵨[38;2;74;78;86;48;2;158;176;188m🬅[38;2;172;169;159;48;2;181;176;175m🭆[38;2;131;129;130;48;2;80;78;81m🭠[38;2;41;42;47;48;2;170;170;170m▂[38;2;172;164;164;48;2;121;111;108m𜴑[38;2;41;38;36;48;2;94;92;93m𜷎[38;2;38;44;42;48;2;104;98;94m▰[38;2;41;40;46;48;2;71;99;105m🭡[38;2;234;220;198;48;2;172;169;143m🬊[38;2;80;101;83;48;2;94;120;105m╱[38;2;159;189;172;48;2;132;126;98m▀[38;2;115;93;67;48;2;210;204;166m🬭[38;2;126;98;71;48;2;168;148;113m𜴖[38;2;113;83;58;48;2;65;10;9m🭠[38;2;70;15;6;48;2;100;64;33m▆[38;2;71;8;2;48;2;107;54;15m▆[38;2;57;12;5;48;2;116;59;20m▆[38;2;36;0;0;48;2;94;42;17m▅[38;2;83;40;11;48;2;38;2;0m🭕[38;2;123;101;78;48;2;72;51;24m🭧[38;2;108;77;58;48;2;145;124;105m𜹇[38;2;129;130;122;48;2;74;76;81m🬀[38;2;61;57;47;48;2;150;137;131m▗[38;2;129;130;123;48;2;60;57;51m▋[38;2;59;61;60;48;2;176;181;180m🭟[38;2;113;115;112;48;2;86;86;86m𜸠[38;2;122;121;114;48;2;101;101;99m🬋[38;2;142;131;127;48;2;67;88;91m🭜[38;2;46;47;51;48;2;76;66;63m🭜[38;2;108;137;145;48;2;57;53;48m𜲾[38;2;61;67;67;48;2;76;81;74m🬵[38;2;41;51;56;48;2;62;81;91m𜲡[38;2;154;152;147;48;2;57;58;60m▀[38;2;73;84;83;48;2;147;139;123m🭥[38;2;56;57;61;48;2;65;70;73m𜹀[38;2;205;230;241;48;2;86;87;81m▂[38;2;166;181;176;48;2;92;104;101m▍[38;2;142;147;129;48;2;122;116;101m𜳋[38;2;87;98;97;48;2;178;184;164m▋[38;2;189;193;188;48;2;161;162;155m▿[38;2;123;127;119;48;2;189;205;209m𜶴[38;2;170;172;171;48;2;200;203;198m𜶥[38;2;140;150;139;48;2;69;74;70m🬿[38;2;99;101;98;48;2;186;187;180m𜵈[38;2;105;122;123;48;2;78;98;108m▘[38;2;129;129;126;48;2;92;107;105m🭐[38;2;136;144;131;48;2;66;77;73m🭯[38;2;78;66;57;48;2;25;13;8m🭏[38;2;57;45;39;48;2;38;22;16m𜵟[38;2;2;0;0;48;2;18;10;9m𜴣[38;2;7;0;0;48;2;17;9;7m🭑[38;2;40;26;23;48;2;5;0;0m𜶂[38;2;88;72;72m𜴄[38;2;51;30;29;48;2;32;18;18mr[38;2;84;66;59;48;2;40;23;19m𜺒[38;2;36;25;25;48;2;188;148;130m▙[38;2;161;134;122;48;2;29;3;0m𜴴[38;2;245;220;198;48;2;152;124;98m●[38;2;150;126;81;48;2;245;195;136m▃[38;2;255;228;187;48;2;200;147;97m𜴌[38;2;23;8;1;48;2;243;200;155m▂[38;2;198;181;145;48;2;232;197;144m▅[38;2;144;119;85;48;2;86;66;58m🬆[38;2;26;15;10;48;2;48;36;40m▆[38;2;0;0;7;48;2;38;27;29m🬵[38;2;6;5;15;48;2;14;9;15m𜹄[38;2;95;98;116;48;2;22;21;38m𜵓[38;2;41;44;62;48;2;95;112;132m🬎[38;2;21;24;34;48;2;54;62;71m┧[38;2;58;56;57;48;2;40;39;44m▬[38;2;52;59;77;48;2;121;116;131m𜳇[38;2;147;144;151;48;2;54;54;65m🬔[38;2;140;132;137;48;2;48;40;38m𜴩[38;2;109;114;119;48;2;38;34;32m🬮[38;2;44;39;36;48;2;176;163;151m🬪[38;2;53;38;33;48;2;136;114;105m𜶈[38;2;255;255;243;48;2;142;119;100m▁[38;2;177;164;144;48;2;23;10;1m🬓[38;2;38;19;10;48;2;46;44;47m🬡[38;2;54;39;33;48;2;142;114;93m▆[38;2;38;19;12;48;2;72;59;44m🬩[38;2;116;92;64;48;2;69;50;26m𜶇[38;2;64;41;20;48;2;144;115;86m𜺡[38;2;140;135;121;48;2;50;35;23m𜴇[38;2;134;109;101;48;2;69;53;40m🬿[38;2;19;10;11;48;2;62;44;32m🬽[38;2;57;38;23;48;2;97;74;59m𜸳[38;2;222;183;145;48;2;74;45;29m𜲠[38;2;139;111;81;48;2;57;34;16m🭫[38;2;238;203;166;48;2;169;150;99m🭬[38;2;99;95;73;48;2;136;131;85m🬯[38;2;40;38;52;48;2;177;171;137m𜴠[38;2;120;88;63;48;2;85;91;94m▋[38;2;29;10;2;48;2;0;0;3m🭤[38;2;34;12;3;48;2;44;20;9m𜸤[38;2;33;14;1;48;2;54;33;14m🭥[38;2;41;12;6;48;2;50;19;8m𜺦[38;2;33;24;23;48;2;42;32;35m𜴆[38;2;181;144;130;48;2;107;63;36m🬢[38;2;98;88;64;48;2;145;132;100m🭊[38;2;107;65;23;48;2;70;46;33m🭄[38;2;121;67;19;48;2;147;104;60m▁[38;2;92;48;18;48;2;93;57;44m🭝[0m
[38;2;113;84;79;48;2;78;61;58m▃[38;2;62;41;40;48;2;119;88;77m▀[38;2;58;44;40;48;2;109;77;69m🬌[38;2;36;27;26;48;2;80;60;60m▀[38;2;38;27;27;48;2;84;63;59m▀[38;2;23;14;14;48;2;104;76;69m▀[38;2;3;0;1;48;2;58;44;42m▀[38;2;0;0;0;48;2;35;28;26m▀[48;2;36;27;26m▀[48;2;44;29;32m▀[38;2;33;23;19;48;2;0;0;0m▃[38;2;18;10;9m▂[38;2;0;0;0;48;2;130;127;112m🭛[38;2;114;127;115;48;2;63;69;64m🬙[38;2;136;145;154;48;2;79;90;95m🭕[38;2;192;197;198;48;2;166;166;166m𜴳[38;2;194;181;175;48;2;19;15;10m🭠[38;2;130;154;168;48;2;171;162;148m🭊[38;2;195;194;188;48;2;124;124;124m🬩[38;2;53;44;42;48;2;197;195;193m𜲿[38;2;123;136;139;48;2;171;169;170m▷[38;2;33;25;28;48;2;116;121;130m🭞[38;2;21;21;29;48;2;90;83;87m𜴯[38;2;60;52;42;48;2;65;87;95m𜺠[38;2;93;126;122;48;2;74;93;90m🭭[38;2;80;80;66;48;2;114;129;119m🭄[38;2;98;100;94;48;2;83;86;76m🭕[38;2;121;137;129;48;2;155;164;155m🬓[38;2;248;220;175;48;2;166;135;112m🭟[38;2;132;93;60;48;2;22;0;0m🬕[38;2;26;0;2;48;2;29;0;0m▬[38;2;25;0;2;48;2;28;0;1m▰[38;2;51;2;4;48;2;29;0;1m🬂[38;2;32;0;4;48;2;38;0;4m🬚[38;2;29;0;1;48;2;33;0;3m⠂[48;2;34;0;3m [38;2;42;2;0;48;2;63;21;9m▌[38;2;163;139;113;48;2;73;35;23m𜶖[38;2;189;168;145;48;2;203;188;154m🭑[38;2;148;132;105;48;2;90;78;66m𜺥[38;2;109;106;99;48;2;52;69;77m𜴕[38;2;129;156;161;48;2;50;69;69m𜶘[38;2;97;127;132;48;2;71;93;98m𜴇[38;2;115;131;129;48;2;67;88;93m𜷲[38;2;176;188;198;48;2;53;58;57m▂[38;2;52;63;62;48;2;91;93;90m𜶄[38;2;44;58;61;48;2;116;119;124m▂[38;2;92;95;83;48;2;48;57;69m𜵡[38;2;91;104;115;48;2;63;64;69m𜵣[38;2;20;30;46;48;2;50;53;63m𜷬[38;2;150;158;152;48;2;47;47;47m𜸽[38;2;65;83;91;48;2;120;143;148m𜷱[38;2;61;76;86;48;2;131;164;175m▅[38;2;140;139;136;48;2;66;72;67m▚[38;2;187;189;186;48;2;148;131;120m𜺭[38;2;140;161;156;48;2;99;115;126m🭜[38;2;63;77;91;48;2;148;159;163m🬘[38;2;120;121;123;48;2;52;65;84m◢[38;2;152;161;161;48;2;62;62;53m𜴿[38;2;172;176;171;48;2;109;109;112m◚[38;2;203;200;183;48;2;180;177;159m𜰮[38;2;119;124;120;48;2;81;87;91m▚[38;2;154;148;134;48;2;124;130;129m▃[38;2;114;127;130;48;2;71;84;88m𜲎[38;2;28;33;35;48;2;115;116;120m🭥[38;2;121;109;104;48;2;77;87;86m🭓[38;2;108;116;107;48;2;91;72;56m▅[38;2;51;41;36;48;2;60;46;38m𜸽[38;2;8;3;2;48;2;62;51;44m🭧[38;2;7;2;2;48;2;27;18;19m𜶞[38;2;30;21;19;48;2;1;0;0m𜶜[38;2;1;0;0;48;2;41;19;16m𜴧[38;2;9;3;2;48;2;17;9;8m𜵹[38;2;48;32;25;48;2;36;27;19m▁[38;2;10;2;0;48;2;47;35;38m𜵍[38;2;10;0;0;48;2;101;80;76m𜷎[38;2;166;154;147;48;2;38;21;11m𜴆[38;2;134;129;124;48;2;32;22;20m𜵃[38;2;25;17;15;48;2;83;77;81m▆[38;2;0;0;0;48;2;44;50;56m🭜[38;2;33;25;35;48;2;61;67;86m𜴨[38;2;73;77;94;48;2;17;22;34m🭮[38;2;20;18;28;48;2;78;83;97m▂[38;2;26;33;46;48;2;23;25;36m🬐[38;2;18;17;29;48;2;74;81;100m𜸯[38;2;19;22;38;48;2;67;69;92m🬌[38;2;126;142;161;48;2;21;22;40m▃[38;2;100;114;137;48;2;16;11;19m𜲠[38;2;114;136;171;48;2;26;18;24m𜴉[38;2;28;28;39;48;2;19;9;16m𜲥[38;2;93;112;136;48;2;44;45;51m◣[38;2;99;93;88;48;2;29;22;23m𜴪[38;2;17;15;19;48;2;87;77;66m▂[38;2;25;14;9;48;2;83;71;61m𜳂[38;2;78;69;65;48;2;65;57;54m🬮[38;2;130;122;122m🬡[38;2;65;64;60;48;2;23;12;10m🬋[38;2;70;61;58;48;2;28;19;12m𜺥[38;2;44;33;39;48;2;42;27;14m𜱣[38;2;119;97;78;48;2;26;18;13m𜴅[38;2;57;44;35;48;2;127;109;93m𜴅[38;2;56;41;38;48;2;71;62;60m🭑[38;2;41;28;17;48;2;189;178;150m▆[38;2;35;18;17;48;2;50;32;23m🭥[38;2;193;158;131;48;2;39;19;2m𜵡[38;2;70;44;23;48;2;57;33;28m𜴮[38;2;227;193;136;48;2;44;28;11m▀[38;2;32;24;23;48;2;120;99;69m🭧[38;2;209;184;148;48;2;164;137;104m𜱡[38;2;142;120;94;48;2;86;87;78m▍[38;2;34;27;24;48;2;0;0;0m▍[38;2;25;6;1;48;2;13;0;1m🬤[38;2;87;60;26;48;2;63;38;17m𜱭[38;2;98;65;42;48;2;52;23;4m𜺝[38;2;121;100;73;48;2;66;44;28m┖[38;2;200;172;120;48;2;99;69;42m▃[38;2;148;129;90;48;2;59;57;32m𜶫[38;2;180;144;114;48;2;80;38;13m▘[38;2;95;52;18;48;2;86;38;4m𜸭[38;2;97;62;28;48;2;81;47;28m𜴦[0m
[38;2;119;84;80;48;2;148;94;80m▀[38;2;147;99;88;48;2;164;107;91m▀[38;2;148;97;85;48;2;184;122;93m🬌[48;2;116;80;80m▃[38;2;164;116;99;48;2;151;108;97m𜴡[38;2;168;115;97;48;2;152;104;87m𜶩[38;2;150;101;92;48;2;159;107;97m🭔[38;2;121;83;80;48;2;80;62;62m▆[38;2;81;61;61;48;2;106;77;72m🬂[38;2;127;92;79;48;2;86;64;60m🭑[38;2;71;51;46;48;2;90;65;64m🭧[38;2;39;28;28;48;2;72;76;63m𜵷[38;2;115;116;97;48;2;70;79;64m🭜[38;2;74;72;58;48;2;66;66;64m𜴨[38;2;152;159;154;48;2;47;47;47m𜸥[38;2;106;119;116;48;2;86;80;73m𜸯[38;2;112;123;130;48;2;188;187;184m𜵭[38;2;35;32;29;48;2;95;95;86m🬯[38;2;170;176;175;48;2;87;85;86m▂[38;2;145;178;181;48;2;58;65;74m▀[38;2;116;142;147;48;2;152;154;147m▊[38;2;67;77;79;48;2;189;200;189m𜵿[38;2;66;90;104;48;2;116;127;131m𜳃[38;2;145;140;126;48;2;53;51;44m▍[38;2;92;112;129;48;2;69;79;76m🬍[38;2;42;61;74;48;2;87;111;129m▃[38;2;45;42;35;48;2;87;92;93m🭥[38;2;112;97;71;48;2;44;26;14m🭖[38;2;197;171;144;48;2;247;222;181m🭑[38;2;204;178;148;48;2;211;187;159m🭑[38;2;28;0;3;48;2;193;151;136m𜴦[38;2;156;124;122;48;2;29;0;3m▃[38;2;175;155;140;48;2;30;0;3m▂[38;2;158;132;124;48;2;33;0;2m▃[38;2;53;6;6;48;2;61;18;18m▀[48;2;92;50;46m▀[38;2;66;23;18;48;2;92;54;35m🭜[38;2;92;52;30;48;2;239;203;161m🭠[38;2;175;166;131;48;2;67;70;69m𜴬[38;2;209;214;194;48;2;158;159;152m𜹃[38;2;56;54;50;48;2;93;111;114m𜴗[38;2;134;142;136;48;2;105;132;150m𜴦[38;2;80;91;90;48;2;91;109;104m𜴞[38;2;175;171;151;48;2;91;100;105m🬍[38;2;132;151;152;48;2;104;126;142m▙[38;2;71;65;59;48;2;65;73;83m𜴭[38;2;147;145;140;48;2;60;56;46m𜵡[38;2;64;60;48;48;2;28;38;42m▍[38;2;136;131;132;48;2;44;52;58m𜴩[38;2;122;121;119;48;2;58;52;57m▆[38;2;115;122;127;48;2;40;41;46m𜵩[38;2;77;83;90;48;2;41;53;71m𜵀[38;2;84;108;120;48;2;62;62;62m🭉[38;2;60;54;59;48;2;86;84;85m𜴐[38;2;51;57;72;48;2;66;80;94m◣[38;2;115;122;130;48;2;98;107;114m𜲲[38;2;211;193;180;48;2;90;95;100m🬉[38;2;41;53;69;48;2;116;136;143m╏[38;2;192;186;170;48;2;159;164;163m𜷱[38;2;109;121;127;48;2;95;106;108m𜸯[38;2;95;100;99;48;2;188;197;197m𜲤[38;2;188;197;183;48;2;93;99;105m🬑[38;2;123;134;136;48;2;73;88;98m🬥[38;2;63;76;80;48;2;158;158;144m🭜[38;2;126;136;120;48;2;54;53;59m🭜[38;2;112;113;107;48;2;65;66;72m𜸠[38;2;93;98;99;48;2;121;123;116m🬍[38;2;63;65;64;48;2;76;80;79m𜴅[38;2;77;73;67;48;2;38;38;33m┻[38;2;70;59;46;48;2;29;24;19m🭐[38;2;50;44;38;48;2;22;15;13m𜴑[38;2;2;0;0;48;2;29;24;22m🬂[38;2;17;5;5;48;2;19;7;7m𜴤[38;2;9;2;3;48;2;39;22;23m𜶌[38;2;11;6;5;48;2;81;81;84m🬒[38;2;42;53;58;48;2;67;66;72m𜸟[38;2;56;54;70;48;2;29;26;34m𜸺[38;2;23;33;51;48;2;25;23;30m▅[38;2;63;62;69;48;2;106;109;119m▋[38;2;27;29;38;48;2;52;67;78m▁[38;2;24;27;35;48;2;64;80;93m𜵼[38;2;94;114;134;48;2;17;18;29m𜴳[38;2;73;83;95;48;2;3;5;16m𜵩[38;2;20;25;40;48;2;101;98;112m▬[38;2;38;51;70;48;2;12;18;32m𜵁[38;2;3;6;17;48;2;17;24;40m🬃[38;2;64;63;72;48;2;10;18;30m▗[38;2;18;18;28;48;2;38;40;53m𜶪[38;2;22;22;33;48;2;50;56;73m🬍[38;2;15;13;18;48;2;83;91;104m🬪[38;2;6;3;6;48;2;10;9;13m𜹇[38;2;80;80;92;48;2;17;9;15m▮[38;2;27;34;53;48;2;14;13;22m𜶻[38;2;26;25;29;48;2;77;76;81m𜷈[38;2;21;20;25;48;2;48;44;47m𜴗[38;2;0;0;0;48;2;22;21;25m𜸤[38;2;38;33;40;48;2;18;16;23m𜸷[38;2;4;0;4;48;2;23;22;29m𜱎[38;2;39;34;30;48;2;32;27;24m𜰣[38;2;10;1;3;48;2;92;79;84m𜷜[38;2;53;38;35;48;2;23;12;12m𜷳[38;2;51;30;24;48;2;36;20;20m𜵄[38;2;56;36;23;48;2;59;44;35m🭮[38;2;107;84;66;48;2;74;60;51m🬌[38;2;77;56;41;48;2;60;44;30m🬍[38;2;121;105;85;48;2;61;41;28m𜵩[38;2;172;145;131;48;2;50;27;14m🬅[38;2;44;27;10;48;2;142;121;92m🭐[38;2;178;152;97;48;2;152;121;74m𜷝[38;2;73;79;72;48;2;140;123;104m🭥[38;2;77;79;56;48;2;9;3;6m▍[38;2;19;5;6;48;2;9;0;0m𜺟[38;2;19;0;0;48;2;25;4;2m𜵈[38;2;36;16;6;48;2;59;33;13m𜺣[38;2;51;34;27;48;2;61;33;17m🬁[38;2;80;51;25;48;2;135;123;76m▖[38;2;86;78;50m🭊[38;2;74;46;23;48;2;119;104;77m┩[38;2;57;38;44;48;2;66;39;27m▊[38;2;57;29;15;48;2;101;61;40m🬝[0m
[38;2;168;106;84;48;2;143;87;77m𜴦[38;2;142;87;77;48;2;186;114;92m▃[38;2;200;130;93;48;2;126;85;77m▀[38;2;162;100;91;48;2;181;113;92m🭄[38;2;150;92;85;48;2;139;83;77m▌[38;2;144;85;78;48;2;126;72;73m𜴤[38;2;107;64;64;48;2;168;99;83m▃[38;2;175;99;86;48;2;159;86;76m𜴬[38;2;152;85;78;48;2;140;81;72m▋[38;2;130;80;78;48;2;135;74;70m🭒[38;2;119;86;90;48;2;52;32;29m🭡[38;2;40;38;30;48;2;27;24;18m🬝[38;2;107;112;111;48;2;28;25;21m🬭[38;2;194;206;200;48;2;51;47;42m𜺡[38;2;116;122;123;48;2;79;90;98m🬒[38;2;104;129;140;48;2;73;71;58m🭋[38;2;136;169;175;48;2;119;143;148m🭠[38;2;73;76;74;48;2;87;94;92m𜴨[38;2;171;193;186;48;2;113;131;131m🬉[38;2;194;203;197;48;2;227;222;211m𜵢[38;2;70;65;62;48;2;129;158;154m🬣[38;2;195;202;200;48;2;135;135;132m𜴂[38;2;61;81;86;48;2;104;121;124m𜴤[38;2;109;107;108;48;2;88;84;83m🭓[38;2;25;24;23;48;2;120;115;109m🭧[38;2;61;67;67;48;2;100;94;99m▀[38;2;45;45;33;48;2;53;74;79m𜵡[38;2;136;136;136;48;2;24;12;7m▃[38;2;20;5;5;48;2;73;50;27m▅[38;2;101;86;76;48;2;38;28;18m🭧[38;2;161;147;134;48;2;44;39;35m🬌[38;2;92;83;67;48;2;246;222;188m▆[38;2;219;193;172;48;2;171;154;132m🬂[38;2;209;189;168;48;2;180;168;144m🭧[38;2;234;194;168;48;2;223;183;154m🬌[38;2;150;132;121;48;2;197;151;126m▂[38;2;81;94;85;48;2;132;120;105m▂[38;2;57;74;71;48;2;243;218;180m▅[38;2;72;84;73;48;2;51;65;56m🬌[38;2;123;134;116;48;2;44;38;23m🬊[38;2;77;95;95;48;2;51;59;65m𜴂[38;2;148;144;137;48;2;35;45;58m🬭[38;2;100;101;95;48;2;70;69;66m🭕[38;2;58;70;77;48;2;48;60;66m𜹫[38;2;33;40;53;48;2;47;58;59m𜵋[38;2;161;162;151;48;2;84;80;74m𜴢[38;2;54;56;76;48;2;116;106;97m🭕[38;2;48;46;60;48;2;35;40;60m▅[38;2;180;183;178;48;2;45;56;66m▃[38;2;177;178;181;48;2;142;144;137m🬭[38;2;41;51;53;48;2;145;161;169m𜴤[38;2;91;99;109;48;2;33;51;63m🭦[38;2;80;78;84;48;2;183;197;210m𜴴[38;2;124;143;155;48;2;152;152;152m𜴗[38;2;180;183;176;48;2;61;63;77m▂[38;2;137;147;161;48;2;90;100;120m🬇[38;2;40;53;63;48;2;72;77;80mm[38;2;175;172;166;48;2;80;74;100m𜵔[38;2;94;108;113;48;2;155;158;151m🬋[38;2;106;113;129;48;2;61;70;85m🭏[38;2;98;107;116;48;2;161;154;145m🬌[38;2;162;159;166;48;2;65;69;79m𜷋[38;2;91;106;123;48;2;50;60;71m𜷛[38;2;99;120;136;48;2;143;143;140m🬞[38;2;78;111;132;48;2;74;83;92m𜺢[38;2;85;86;92;48;2;134;134;136m𜸹[38;2;61;61;59;48;2;95;104;104m𜴗[38;2;70;66;74;48;2;95;100;101m■[38;2;127;132;136;48;2;112;111;106m𜷊[38;2;26;30;36;48;2;66;63;71m▚[38;2;74;72;73;48;2;51;51;57m■[38;2;59;58;64;48;2;33;29;36m▍[38;2;98;95;99;48;2;71;67;76m𜲒[38;2;56;57;62;48;2;66;77;87m🬐[38;2;53;62;77;48;2;73;83;95m𜶠[38;2;121;136;158;48;2;47;51;61m▂[38;2;53;57;66;48;2;83;88;95m𜹅[38;2;60;66;80;48;2;36;44;58m𜵧[38;2;44;46;56;48;2;23;28;39m𜴢[38;2;40;39;45;48;2;70;72;87m𜶲[38;2;58;58;69;48;2;18;23;38m🬝[38;2;36;33;42;48;2;18;23;34m🭧[38;2;21;19;29;48;2;154;166;189m𜵰[38;2;18;18;29;48;2;95;107;129m𜴧[38;2;67;76;97;48;2;20;24;28m🬈[38;2;32;25;33;48;2;13;19;22m𜲷[38;2;80;87;101;48;2;9;14;23m𜴇[38;2;9;10;21;48;2;45;53;67m🭫[38;2;24;23;33;48;2;64;67;85m𜴤[38;2;1;5;14;48;2;18;18;29m𜵳[38;2;24;22;29;48;2;78;77;83m🬲[38;2;62;60;63;48;2;20;14;20m𜴇[38;2;38;40;58;48;2;14;10;13m𜳊[38;2;77;71;78;48;2;14;10;14m🬉[38;2;51;53;66;48;2;13;13;21m🬌[38;2;58;57;62;48;2;27;26;32m𜶀[38;2;132;136;145;48;2;24;23;29m𜴁[38;2;22;20;23;48;2;0;0;1m🬍[38;2;20;16;21;48;2;8;4;6m𜶣[38;2;36;30;40;48;2;27;23;28m𜴋[38;2;61;53;61;48;2;30;21;26m🬮[38;2;29;32;36;48;2;36;23;25m▃[38;2;145;129;108;48;2;48;32;16m🭕[38;2;50;40;26;48;2;126;105;92m𜴤[38;2;66;45;36;48;2;35;18;17m🭏[38;2;22;10;14;48;2;50;25;22m🬡[38;2;132;93;60;48;2;33;23;23m🭧[38;2;83;67;47;48;2;70;51;29m🬍[38;2;164;140;92;48;2;114;90;48m🭊[38;2;91;86;58;48;2;108;92;73m🭉[38;2;56;62;58;48;2;10;7;6m▍[48;2;6;0;0m [38;2;59;41;26;48;2;24;9;5m🭮[38;2;93;69;48;48;2;40;19;6mh[38;2;98;66;36;48;2;69;39;18m𜸾[38;2;142;105;64;48;2;124;87;56m𜴔[38;2;120;104;63;48;2;71;44;25m🬎[38;2;203;186;150;48;2;147;116;78m𜴉[38;2;69;38;30;48;2;107;86;74m𜵫[38;2;180;142;123;48;2;99;56;36m🬏[0m
[38;2;97;72;69;48;2;107;78;73m🭬[38;2;139;87;83;48;2;145;90;77m🬎[38;2;121;72;73;48;2;132;73;69m𜴤[38;2;120;84;86;48;2;104;81;81m🬜[38;2;148;93;86;48;2;137;87;88m🭇[38;2;134;79;80;48;2;145;94;85m🬎[38;2;83;53;63;48;2;122;76;72m🭕[38;2;112;61;71;48;2;84;52;69m🭧[38;2;126;70;73;48;2;159;78;76m🬓[38;2;135;81;74;48;2;164;104;91m🬎[38;2;120;77;70;48;2;95;84;81m▌[38;2;76;83;80;48;2;51;57;52m🬫[38;2;111;119;115;48;2;70;86;90m𜴤[38;2;85;111;105;48;2;47;45;48m𜴗[38;2;29;23;23;48;2;48;33;33m🭇[38;2;72;81;85;48;2;51;60;63m𜴅[38;2;44;52;56;48;2;109;116;114m▙[38;2;139;150;135;48;2;90;92;79m🭧[38;2;136;131;120;48;2;69;72;62m🭏[38;2;81;90;81;48;2;42;42;40m🭧[38;2;66;66;58;48;2;92;106;111m𜴿[38;2;9;11;18;48;2;29;47;60m▗[38;2;67;59;57;48;2;25;25;33m▀[38;2;47;47;56;48;2;46;36;35m𜶊[38;2;77;57;44;48;2;59;62;70m🬞[38;2;84;81;97;48;2;123;100;86m🬎[38;2;81;71;74;48;2;90;87;91m𜸨[38;2;80;105;113;48;2;79;80;101m🭧[38;2;97;131;145;48;2;76;93;101m▘[38;2;105;106;112;48;2;84;69;60m𜸛[38;2;18;9;8;48;2;94;94;97m🬂[38;2;115;124;132;48;2;40;22;21m▅[38;2;34;26;22;48;2;44;35;25m𜴥[38;2;29;20;18;48;2;126;137;144m▀[38;2;69;54;45;48;2;137;136;131m𜴤[38;2;51;40;32;48;2;92;86;81m🬩[38;2;71;67;50;48;2;51;33;19m🬂[38;2;69;70;76;48;2;56;44;32m▂[38;2;36;36;36;48;2;64;53;44m▲[38;2;44;42;40;48;2;91;97;100m𜴴[38;2;35;56;67;48;2;99;115;123m🬍[38;2;155;158;156;48;2;52;72;84m𜲠[38;2;23;28;33;48;2;162;176;175m▀[38;2;47;51;64;48;2;95;94;100m▋[38;2;147;148;155;48;2;92;87;88m◛[38;2;48;58;74;48;2;116;114;121m🭧[38;2;33;41;61;48;2;154;147;143m🭜[38;2;144;132;123;48;2;195;186;175m𜴤[38;2;155;154;148;48;2;71;85;99m🬆[38;2;77;70;74;48;2;137;134;127m𜴯[38;2;145;162;178;48;2;189;176;159m▂[38;2;188;189;170;48;2;154;161;151m𜵹[38;2;109;114;113;48;2;171;184;183m𜴅[38;2;159;171;178;48;2;142;126;129m▖[38;2;154;132;115;48;2;210;197;189m𜴆[38;2;197;193;180;48;2;151;170;186m🬆[38;2;168;156;142;48;2;116;119;121m𜱌[38;2;192;188;193;48;2;64;67;78m𜶟[38;2;127;143;162;48;2;154;161;164m𜲠[38;2;127;137;152;48;2;70;85;95m𜴵[38;2;143;161;183;48;2;98;105;112m🬋[38;2;77;88;100;48;2;107;124;139m▃[38;2;166;183;203;48;2;23;30;39m🬎[38;2;87;101;116;48;2;28;33;47m▀[38;2;57;71;78;48;2;86;94;107m╨[38;2;45;56;66;48;2;210;204;203m𜴳[38;2;23;29;40;48;2;62;71;84m𜴳[38;2;151;177;187;48;2;38;45;51m▂[38;2;44;44;57;48;2;79;94;114m🭠[38;2;80;95;115;48;2;58;59;63m🭆[38;2;108;124;145;48;2;38;32;35m🬹[38;2;78;93;114;48;2;50;50;60m𜸟[38;2;74;74;86;48;2;50;57;74m🭫[38;2;38;42;54;48;2;81;98;114m▃[38;2;77;81;92;48;2;29;40;54m▀[38;2;48;63;76;48;2;109;132;148m𜴳[38;2;123;130;135;48;2;63;74;88m╱[38;2;85;107;122;48;2;67;72;83m𜴣[38;2;39;41;53;48;2;46;46;57m┾[38;2;76;70;78;48;2;23;28;41m𜶺[38;2;24;29;41;48;2;15;21;38m🭠[38;2;7;12;27;48;2;67;78;95m◛[38;2;14;14;25;48;2;71;74;94m𜴧[38;2;17;23;45;48;2;79;108;142m▅[38;2;25;38;54;48;2;10;14;28m𜱷[38;2;70;78;97;48;2;11;14;24m🬋[38;2;58;65;86;48;2;38;40;53m𜲅[38;2;51;54;71;48;2;30;33;47m𜴌[38;2;19;20;36;48;2;40;47;67m𜶨[38;2;34;38;51;48;2;18;20;33m𜸓[38;2;2;6;13;48;2;16;24;35m🬦[38;2;73;90;104;48;2;17;19;27m𜸿[38;2;29;30;44;48;2;10;10;20m𜴆[38;2;0;0;0;48;2;17;13;16m𜸦[38;2;28;30;38;48;2;10;7;10m▀[38;2;14;13;17;48;2;0;2;5m𜴩[38;2;13;12;16;48;2;7;8;10m🬥[38;2;9;10;19;48;2;0;0;5m𜱎[38;2;0;0;2;48;2;25;23;28m𜴅[38;2;3;0;2;48;2;23;15;19m🭚[38;2;15;10;12;48;2;4;1;3m🭓[38;2;10;3;3;48;2;33;23;27m▸[38;2;6;0;1;48;2;30;23;23m╺[38;2;66;52;33;48;2;38;25;25m𜴅[38;2;46;33;24;48;2;34;21;15m🬚[38;2;91;70;57;48;2;23;15;6m▗[38;2;23;8;3;48;2;72;44;33m🬨[38;2;34;38;38;48;2;116;94;80m𜴔[38;2;150;129;87;48;2;27;29;19m▀[38;2;211;198;158;48;2;131;100;61m𜺽[38;2;45;59;50;48;2;2;6;2m𜹈[48;2;2;0;0m [38;2;8;0;0;48;2;40;17;7m▋[38;2;33;14;2;48;2;59;32;14m𜸟[38;2;72;42;22;48;2;123;91;60m𜵐[38;2;90;59;29;48;2;83;45;22m🭥[38;2;69;51;25;48;2;98;80;48m𜴅[38;2;70;38;9;48;2;121;109;98m𜶫[38;2;80;48;33;48;2;38;21;18m▌[38;2;39;24;25;48;2;143;87;54m▖[0m
[38;2;151;90;73;48;2;112;72;64m𜺬[38;2;169;99;78;48;2;135;80;79m🬬[38;2;176;85;71;48;2;135;70;61m▙[38;2;85;56;57;48;2;115;63;60m🬂[38;2;154;93;81;48;2;123;80;76m𜴡[38;2;176;106;86;48;2;159;104;80m🬎[38;2;130;76;63;48;2;170;104;83m🭦[38;2;94;58;61;48;2;120;66;63m🭕[38;2;171;107;90;48;2;113;76;73m𜴡[48;2;32;11;3m🭡[38;2;15;16;18;48;2;54;34;24m▃[38;2;51;40;41;48;2;23;19;18m𜶕[38;2;59;53;50;48;2;24;20;15m▊[38;2;35;32;29m𜹙[38;2;48;44;44;48;2;22;20;21m𜹂[38;2;51;52;47;48;2;23;33;38m𜹉[38;2;32;23;15;48;2;29;29;33m𜲠[38;2;59;58;39;48;2;51;38;25m🭕[38;2;73;88;77;48;2;46;38;36m🭜[38;2;50;59;66;48;2;34;34;33m𜶂[38;2;46;44;45;48;2;40;53;63m▬[38;2;16;13;12;48;2;62;62;60m𜺪[38;2;44;53;59;48;2;24;20;23m▅[38;2;27;19;22;48;2;33;30;38m▍[38;2;36;44;51;48;2;61;50;45m𜺡[38;2;46;36;28;48;2;80;73;60m▎[38;2;77;93;94;48;2;94;94;83m▃[38;2;91;112;101;48;2;93;76;67m🬪[38;2;33;23;22;48;2;70;56;46m𜵲[38;2;63;53;48;48;2;23;24;38m▀[38;2;69;59;62;48;2;18;15;21m𜶫[38;2;95;83;87;48;2;69;56;60m𜶐[38;2;73;74;80;48;2;90;99;113m𜵦[38;2;38;36;41;48;2;71;85;99m𜶜[38;2;59;62;72;48;2;107;120;131m𜴫[38;2;48;41;48;48;2;53;57;64m▅[38;2;57;56;64;48;2;48;41;48m🬩[38;2;142;126;106;48;2;95;78;57m🭫[38;2;180;197;194;48;2;58;38;23m▀[38;2;60;42;34;48;2;119;105;78m▃[38;2;243;245;232;48;2;47;34;27m▀[38;2;98;114;122;48;2;223;234;223m𜴩[38;2;59;64;69;48;2;137;142;151m𜶻[38;2;93;114;124;48;2;189;200;211m▆[38;2;44;51;60;48;2;120;124;136m▅[38;2;158;175;192;48;2;48;52;65m▀[38;2;147;163;183;48;2;44;42;53m▀[38;2;109;109;120;48;2;164;169;176m▙[38;2;136;119;101;48;2;184;203;214m▃[38;2;45;52;59;48;2;115;131;147m𜷋[38;2;33;36;45;48;2;126;139;151m𜷜[38;2;166;169;164;48;2;76;91;98m▂[38;2;66;76;98;48;2;39;38;44m𜵁[38;2;40;38;44;48;2;97;101;113m𜵡[38;2;46;38;38;48;2;57;60;67m𜸟[38;2;38;41;46;48;2;98;106;121m🬋[38;2;109;131;144;48;2;42;45;52m▂[38;2;18;10;9;48;2;64;65;71m𜸟[38;2;158;177;193;48;2;87;86;92m▗[38;2;78;79;81;48;2;142;164;178m▀[38;2;64;62;65;48;2;79;107;114m▀[38;2;100;130;137;48;2;23;20;26m▅[38;2;91;113;131;48;2;72;77;87m𜴧[38;2;80;95;115;48;2;58;73;84m🭝[38;2;83;98;119;48;2;30;36;48m𜴱[38;2;97;119;131;48;2;33;44;61m▀[38;2;57;66;72;48;2;101;120;134m▅[38;2;41;65;84;48;2;48;70;78m𜹆[38;2;18;33;44;48;2;87;108;129m𜴳[38;2;45;44;51;48;2;51;54;58m🬌[38;2;30;39;48;48;2;107;124;142m▀[38;2;64;91;113;48;2;46;44;50m▬[38;2;76;107;126;48;2;54;60;66m■[38;2;92;119;140;48;2;46;46;57m𜸥[38;2;91;113;129;48;2;48;52;65m𜴃[38;2;88;114;139;48;2;28;44;60m▀[38;2;98;116;144;48;2;44;57;74m🬂[38;2;53;64;78;48;2;66;85;105m▙[38;2;35;45;58;48;2;80;95;116m𜵤[38;2;84;104;123;48;2;19;21;32m▅[38;2;51;52;65;48;2;14;16;26m🬑[38;2;33;40;59;48;2;14;16;29m𜵂[38;2;20;22;35;48;2;35;38;50m𜴓[38;2;21;24;34;48;2;29;33;47m𜸥[38;2;0;2;10;48;2;2;8;21m▂[38;2;23;25;36;48;2;0;2;9m𜷵[38;2;66;77;94;48;2;19;18;23m▃[38;2;93;93;108;48;2;28;25;33m𜹘[38;2;4;6;12;48;2;18;18;27m◣[38;2;6;8;14;48;2;6;10;18m𜸽[38;2;14;16;20;48;2;29;32;36m𜴫[38;2;7;4;9;48;2;9;17;25m𜲠[38;2;9;4;9;48;2;14;9;14m𜴆[38;2;11;5;9;48;2;10;8;13m🬩[38;2;98;108;124;48;2;1;0;6m🭭[38;2;0;0;0;48;2;26;27;32m🬜[38;2;5;1;5;48;2;13;8;14m▬[38;2;7;4;9;48;2;21;23;34m𜶜[38;2;14;10;15;48;2;0;0;0m𜶔[38;2;13;5;7;48;2;15;8;14m𜴜[38;2;6;3;6;48;2;14;14;20m𜶜[38;2;14;3;6;48;2;22;20;23m𜰨[38;2;18;9;11;48;2;9;6;9m⇥[38;2;9;13;24;48;2;3;0;0m↲[38;2;16;5;3;48;2;25;10;8m𜵁[38;2;29;21;14;48;2;17;8;0m𜴲[38;2;95;85;79;48;2;36;19;6m𜴧[38;2;40;27;16;48;2;76;56;44m🬢[38;2;169;140;115;48;2;48;33;17m𜵾[38;2;112;85;42;48;2;59;45;27m𜴦[38;2;86;72;44;48;2;76;69;45m▍[48;2;2;0;0m [38;2;34;12;3;48;2;16;0;1m🭦[38;2;54;30;8;48;2;38;14;6m🭔[38;2;77;51;22;48;2;106;72;32m𜶩[38;2;121;92;56;48;2;85;54;28m𜴴[38;2;105;78;51;48;2;66;45;23m🭦[38;2;113;91;67;48;2;177;151;129m🬣[38;2;38;22;8;48;2;50;34;18m𜴅[38;2;51;20;6;48;2;28;9;1m🭨[0m
[38;2;69;50;50;48;2;56;35;46m🬂[38;2;121;80;74;48;2;54;38;47m𜶘[38;2;154;92;76;48;2;136;84;65m🬀[38;2;81;51;57;48;2;130;81;64m𜺮[38;2;56;39;42;48;2;76;52;58m𜵅[38;2;134;91;80;48;2;119;80;74m𜹐[38;2;168;104;83;48;2;126;78;61m▀[48;2;144;83;65m [48;2;121;69;48m [38;2;137;77;60;48;2;51;58;64m▎[38;2;32;38;44;48;2;25;24;23m▎[38;2;45;56;47;48;2;24;24;24m𜺓[38;2;11;10;7;48;2;21;17;14m𜸣[38;2;10;7;5;48;2;26;22;18m𜰢[38;2;6;3;1;48;2;18;15;13m🬃[38;2;44;26;10;48;2;28;22;15m𜺠[38;2;35;16;2;48;2;36;27;19m▃[38;2;44;28;11;48;2;41;29;13m𜷞[38;2;36;14;0;48;2;28;26;15m𜺢[38;2;24;25;29;48;2;29;33;38m▇[38;2;32;27;24;48;2;40;41;45m▅[38;2;44;44;45;48;2;19;20;15m🬨[38;2;51;58;56;48;2;29;29;32m🭡[38;2;23;26;29;48;2;39;48;58m▍[38;2;29;34;46;48;2;52;53;48m🬎[38;2;67;73;66;48;2;56;54;52m🬑[38;2;84;98;98;48;2;64;76;65m𜴘[38;2;83;99;99;48;2;70;90;99m𜴍[38;2;70;72;71;48;2;50;50;50m𜴨[38;2;79;79;79;48;2;53;52;59m🭠[38;2;36;30;30;48;2;57;48;46m🬌[38;2;53;41;45;48;2;61;51;50m🬋[38;2;77;62;53;48;2;57;38;30m🭕[38;2;80;71;67;48;2;74;59;50m𜵿[38;2;66;61;65;48;2;119;123;135m▅[38;2;41;36;42;48;2;78;77;84m𜷋[38;2;79;77;80;48;2;54;46;44m𜴞[38;2;70;64;60;48;2;54;44;42m𜵭[38;2;47;29;19;48;2;73;62;61m🭧[38;2;106;127;148;48;2;54;36;25m🬹[38;2;95;100;105;48;2;76;71;67m■[38;2;63;74;86;48;2;107;130;148m▂[38;2;97;115;120;48;2;132;137;142m▂[38;2;83;97;97;48;2;123;130;135m𜵥[38;2;108;129;145;48;2;113;124;123m𜷛[38;2;77;85;105;48;2;131;137;142m▗[38;2;136;159;169;48;2;73;87;105m𜴵[38;2;112;134;147;48;2;162;170;168m🬓[38;2;97;87;84;48;2;78;74;66m𜴖[38;2;52;56;63;48;2;166;183;200m▂[38;2;88;87;94;48;2;54;58;65m𜴖[38;2;81;85;93;48;2;136;137;144m🭑[38;2;85;98;100;48;2;73;94;94m┛[38;2;41;50;52;48;2;74;97;106m▅[38;2;57;76;85;48;2;56;65;64m▀[38;2;67;87;97;48;2;97;114;126m◥[38;2;47;61;70;48;2;23;40;52m🬛[38;2;36;44;47;48;2;54;70;85m🬿[38;2;73;91;99;48;2;79;93;108m𜵩[38;2;95;86;73;48;2;115;127;126m𜴧[38;2;51;63;67;48;2;152;166;169m𜴲[38;2;46;47;52;48;2;69;86;94m◎[38;2;152;176;187;48;2;32;39;41m▅[38;2;76;79;90;48;2;46;48;47m🭊[38;2;30;27;24;48;2;51;61;69m𜴟[38;2;58;77;88;48;2;57;60;70m𜲅[38;2;34;41;51;48;2;65;77;88m𜵱[38;2;62;78;88;48;2;74;93;112m▅[38;2;104;131;150;48;2;29;39;50m🭜[38;2;33;46;63;48;2;8;13;21m🭜[38;2;18;21;29;48;2;33;42;58m𜸠[38;2;58;60;73;48;2;33;36;51m🬯[38;2;74;81;98;48;2;48;54;70m𜹅[38;2;67;71;79;48;2;47;51;66m🬖[38;2;80;101;114;48;2;27;29;44m𜴯[38;2;57;70;88;48;2;94;119;136m▂[38;2;8;14;23;48;2;73;83;95m𜱜[38;2;44;65;73;48;2;32;30;44m𜴴[38;2;48;51;73;48;2;33;39;58m🭜[38;2;13;16;26;48;2;36;44;58m▆[38;2;33;38;52;48;2;16;19;29m🭚[38;2;24;27;35;48;2;2;1;4m🬝[38;2;27;26;33;48;2;29;29;36m▇[38;2;17;18;33;48;2;4;1;3m🬝[38;2;26;25;33;48;2;10;7;10m🭚[38;2;21;19;22;48;2;9;6;9m𜹀[38;2;17;22;33;48;2;11;4;6m𜵄[38;2;10;8;14;48;2;1;3;7m▬[38;2;21;12;17;48;2;2;0;0m𜴎[38;2;28;25;32;48;2;4;5;8m🭘[38;2;19;19;21;48;2;2;1;3m╰[38;2;12;9;14;48;2;6;5;9m𜹃[38;2;7;3;10;48;2;27;23;29m▆[38;2;8;8;17;48;2;6;6;14m𜺫[38;2;10;9;14;48;2;5;3;9m🬠[38;2;8;10;18;48;2;7;7;13m𜺪[38;2;1;0;2;48;2;32;24;36m🭁[38;2;2;0;5;48;2;23;15;19m🭒[38;2;23;19;25;48;2;4;0;1m𜴰[38;2;25;23;28;48;2;10;5;10m▅[38;2;12;9;11;48;2;2;0;2m𜱯[38;2;24;21;33;48;2;9;6;13m🬟[38;2;39;41;54;48;2;12;10;19m🬑[38;2;0;0;2;48;2;26;17;22m𜴷[38;2;23;20;21;48;2;7;3;3m▆[38;2;4;3;9;48;2;12;12;20m𜴚[38;2;44;38;42;48;2;27;14;9m▂[38;2;15;5;5;48;2;39;27;19m𜷋[38;2;85;72;65;48;2;44;26;14m𜴙[38;2;50;32;23;48;2;90;78;64m𜱡[38;2;101;93;86;48;2;69;56;41m𜶜[38;2;58;60;54;48;2;8;3;1m𜺤[38;2;22;6;4;48;2;2;0;0m🭋[38;2;27;10;6;48;2;52;28;10m▋[38;2;129;87;65;48;2;72;39;23m🬀[38;2;120;101;86;48;2;77;47;19m🬄[38;2;143;113;93;48;2;100;79;54m𜵟[38;2;87;66;44;48;2;139;114;95m𜴈[38;2;93;71;39;48;2;105;98;72m▚[38;2;112;98;93;48;2;34;19;11m🬌[0m
[38;2;99;50;38;48;2;88;44;36m🬃[38;2;56;30;33;48;2;78;47;44m🬀[38;2;145;87;70;48;2;105;65;56m⠈[48;2;135;84;63m [38;2;76;42;40;48;2;93;61;50m🬀[38;2;92;63;58m▁[38;2;114;71;53;48;2;91;59;56m🭓[48;2;137;72;57m [38;2;92;44;33;48;2;123;58;52m𜺭[38;2;70;66;51;48;2;38;44;44m🭜[38;2;26;23;20;48;2;59;66;59m▙[38;2;10;7;5;48;2;25;30;22m🭢[38;2;10;10;6;48;2;17;16;13m𜹄[38;2;15;5;0;48;2;23;19;10m𜺙[38;2;41;26;8;48;2;38;29;14m𜴆[38;2;17;0;0;48;2;36;18;4m𜸡[38;2;30;5;0;48;2;25;2;1m🭜[38;2;23;1;0;48;2;36;11;1m▆[38;2;33;6;1;48;2;24;0;0m𜴂[38;2;23;1;4;48;2;42;24;10m▆[38;2;16;0;0;48;2;33;20;6m▅[48;2;29;18;10m▃[38;2;33;23;14;48;2;42;41;39m▆[38;2;38;33;28;48;2;33;27;17m🭕[38;2;47;46;41;48;2;48;54;52m▆[38;2;50;48;46;48;2;47;46;44m🭖[38;2;60;60;58;48;2;47;48;40m🭛[38;2;48;44;44;48;2;59;71;64m▆[38;2;33;28;25;48;2;50;45;42m╺[38;2;70;60;63;48;2;38;36;41m𜹇[38;2;59;45;39;48;2;42;47;51m𜴘[38;2;33;17;15;48;2;53;44;42m▂[38;2;36;35;33;48;2;84;60;42m🬎[38;2;126;100;72;48;2;50;47;48m🬏[38;2;90;84;88;48;2;65;53;51m𜴈[38;2;107;101;104;48;2;77;51;44m▀[38;2;94;90;88;48;2;62;53;51m𜴤[38;2;90;88;95;48;2;114;124;139m𜶞[38;2;29;24;26;48;2;93;100;115m🭥[38;2;84;85;90;48;2;44;44;52m▅[38;2;50;44;45;48;2;108;111;126m🭧[38;2;58;63;70;48;2;59;71;76m🬌[38;2;100;113;112;48;2;86;81;69m🬡[38;2;85;83;86;48;2;54;53;60m𜵂[38;2;104;113;127;48;2;59;56;63m🬂[38;2;155;152;154;48;2;74;87;92m𜲾[38;2;69;84;93;48;2;47;61;67m𜵾[38;2;77;88;99;48;2;94;92;95m🬝[38;2;45;44;46;48;2;109;126;147m▀[38;2;90;88;86;48;2;41;40;45m▅[38;2;41;42;46;48;2;73;67;76m▀[38;2;51;44;44;48;2;73;66;69m𜷳[38;2;73;74;69;48;2;48;44;39m▆[38;2;38;35;36;48;2;62;66;70m🭘[38;2;88;92;98;48;2;62;65;76m𜺮[38;2;51;46;45;48;2;109;114;113m𜰫[38;2;104;132;143;48;2;86;94;101m𜴦[38;2;81;97;108;48;2;108;134;145m𜷖[38;2;119;130;142;48;2;67;72;83m𜵣[38;2;121;139;151;48;2;60;79;91m𜵚[38;2;109;123;131;48;2;98;111;122m𜵃[38;2;105;122;134;48;2;78;92;87m𜴂[38;2;42;51;64;48;2;33;50;58mt[38;2;33;50;58;48;2;69;71;85m🭏[38;2;35;33;46;48;2;47;50;62m🬉[38;2;81;80;86;48;2;35;33;46m▂[38;2;86;86;95;48;2;33;32;39m▙[38;2;30;30;40;48;2;61;66;73m𜴦[38;2;69;79;97;48;2;29;29;39m▆[38;2;99;114;135;48;2;23;29;38m𜴱[38;2;95;112;136;48;2;56;67;88m▘[38;2;69;76;92;48;2;30;34;46m▎[38;2;52;59;84;48;2;22;27;51m𜷲[38;2;46;53;64;48;2;30;34;45m𜸖[38;2;28;21;18;48;2;29;38;47m𜸣[38;2;23;18;16;48;2;35;41;56m▃[38;2;11;2;2;48;2;9;14;23m▁[38;2;14;3;3;48;2;22;21;28m▂[38;2;27;28;33;48;2;13;5;4m🬎[38;2;18;18;23;48;2;18;3;4m🬎[38;2;23;22;24;48;2;10;7;8m┚[38;2;18;6;10;48;2;9;6;7m𜸱[48;2;9;3;4m [38;2;17;9;10;48;2;9;3;3m𜸻 [38;2;20;13;15;48;2;5;2;3m𜸭[48;2;8;1;3m [48;2;3;0;0m [48;2;6;0;1m [48;2;3;0;0m [48;2;6;0;2m [48;2;5;0;0m [48;2;7;0;1m [38;2;29;15;15;48;2;9;2;3m▁[48;2;2;0;0m [38;2;18;7;5;48;2;1;0;0m▁[38;2;32;23;24;48;2;9;3;5m𜺨[38;2;20;13;15;48;2;11;7;10m◄[38;2;16;9;11;48;2;1;0;1m𜹔[38;2;14;9;12;48;2;0;0;0m𜸭[38;2;33;24;27m⠨[38;2;29;23;29;48;2;3;1;4mi[48;2;9;3;8m𜺪[38;2;14;6;10;48;2;9;6;9m𜱌[38;2;21;11;11;48;2;9;6;7m▀[38;2;34;29;30;48;2;12;8;10m𜺈[38;2;51;51;52;48;2;32;23;26m◥[38;2;40;35;33;48;2;14;10;13m▂[38;2;38;29;25;48;2;22;8;5m▂[38;2;42;23;23;48;2;44;27;25m𜷃[38;2;67;69;53;48;2;105;99;85m𜵔[38;2;44;36;34;48;2;6;0;2m▍[38;2;25;11;6;48;2;5;0;2m🭋[38;2;30;16;9;48;2;52;29;16m🭛[38;2;105;88;66;48;2;51;33;11m┖[38;2;104;65;50;48;2;72;42;20m𜷳[38;2;109;71;48;48;2;151;135;101m🬅[38;2;57;39;29;48;2;116;88;51m🬞[38;2;71;57;25;48;2;61;41;34m🬎[38;2;40;23;11;48;2;44;19;8m🬆[0m
[38;2;88;46;33;48;2;107;51;41m🬂[38;2;97;48;41;48;2;86;39;30m𜺤[38;2;91;50;40;48;2;130;71;60m▋[48;2;137;72;63m [48;2;124;65;60m [38;2;85;51;48;48;2;80;52;48m▌[38;2;80;52;48;48;2;99;65;61m▌[38;2;145;87;69;48;2;180;108;79m🭠[38;2;156;85;65m🭧[38;2;169;119;101;48;2;33;23;20m▎[38;2;34;36;32;48;2;24;24;18m🭗[48;2;28;20;9m [38;2;24;1;3;48;2;29;15;2m▗[38;2;26;4;2;48;2;23;2;0m𜴁[38;2;24;0;5;48;2;21;0;2m𜸴[38;2;18;0;2;48;2;29;1;6m▇[38;2;23;2;6;48;2;15;0;0m𜸣[38;2;23;1;5;48;2;16;0;3m▰[38;2;26;3;8;48;2;20;0;3m⠁[38;2;26;0;6;48;2;22;0;3m𜴀[48;2;23;1;4m [48;2;16;0;1m [48;2;17;0;2m [38;2;33;15;1;48;2;21;1;0m🬁[38;2;33;18;4;48;2;11;0;0m🭧[38;2;40;21;5;48;2;12;0;0m▀[38;2;53;45;34;48;2;29;27;23m𜺩[38;2;32;32;32;48;2;25;26;22m𜹒[38;2;36;32;35;48;2;29;24;26m𜴠[38;2;33;28;33;48;2;26;24;25m𜴳[38;2;18;15;16;48;2;44;34;38m𜹂[38;2;33;24;20;48;2;39;28;28m𜴁[38;2;88;78;59;48;2;56;54;50m🬊[38;2;56;51;39;48;2;51;44;29m𜰑[38;2;34;25;18;48;2;69;51;42m𜺾[38;2;76;56;44;48;2;101;79;71m𜱀[38;2;57;52;51;48;2;92;72;64m🬍[38;2;79;71;62;48;2;113;101;91m🭬[38;2;159;145;130;48;2;52;57;60m🭜[38;2;60;62;61;48;2;59;66;78m𜶰[38;2;51;41;40;48;2;72;88;99m▁[38;2;74;71;81;48;2;67;60;67m𜶘[38;2;52;62;79;48;2;70;74;88m🬁[38;2;64;69;83;48;2;90;99;113m𜹀[38;2;47;54;63;48;2;91;94;106m▀[38;2;70;85;92;48;2;76;93;99m𜺋[38;2;88;100;112;48;2;62;70;77m𜴣[38;2;72;83;88;48;2;94;111;122m🬌[38;2;72;87;97;48;2;97;114;129m𜵼[38;2;99;120;120;48;2;76;88;93m▀[38;2;59;53;58;48;2;85;88;94m🭣[38;2;74;72;76;48;2;97;94;100m𜰣[38;2;109;104;95;48;2;72;71;77m↓[38;2;106;112;115;48;2;76;78;74m🬅[38;2;66;67;59;48;2;81;80;86m𜱏[38;2;101;109;107;48;2;73;83;85m𜰆[38;2;42;38;38;48;2;63;74;76m🬧[38;2;61;60;54;48;2;60;73;71m◙[38;2;61;63;60;48;2;78;79;72m𜷫[38;2;94;100;93;48;2;72;74;73m▀[38;2;120;113;106;48;2;92;81;73m🬇[38;2;44;39;40;48;2;88;84;73m𜵉[38;2;48;60;80;48;2;69;70;74m●[38;2;46;45;51;48;2;100;100;100m🭖[38;2;69;67;74;48;2;45;48;56m𜴏[38;2;20;18;25;48;2;81;86;90m▖[38;2;76;79;87;48;2;47;56;67m𜴵[38;2;41;36;44;48;2;80;79;86mt[38;2;58;67;85;48;2;39;44;56m🭜[38;2;28;32;42;48;2;26;16;16m🬝[38;2;36;38;51;48;2;25;23;29m𜶇[38;2;42;41;47;48;2;6;1;0m🬎[38;2;41;40;45;48;2;10;1;0m🭜[38;2;10;2;2;48;2;28;29;24m▆[38;2;10;7;5;48;2;36;24;18m▇[38;2;46;41;35;48;2;7;4;2m𜸻[38;2;27;6;10;48;2;0;0;0m▂[38;2;7;0;3;48;2;23;1;7m🬎[38;2;9;0;0;48;2;21;5;10m🭜[38;2;13;0;3;48;2;19;4;9m🭧[38;2;16;5;10;48;2;13;2;5m▅[38;2;18;9;14;48;2;10;0;3m▅[38;2;8;1;3;48;2;14;10;13m🬂[38;2;10;7;5;48;2;14;7;8m𜸋[38;2;14;10;8;48;2;13;6;7m🭆[38;2;5;0;2;48;2;15;11;9m🭖[38;2;7;2;3;48;2;14;6;9m🭜[38;2;2;0;0;48;2;17;9;9m🬂[48;2;35;27;21m🬂[48;2;15;6;9m𜴂[38;2;7;0;1;48;2;33;28;28m🬂[38;2;44;32;26;48;2;16;7;7m🬱[38;2;47;33;26;48;2;22;14;9m⇲[38;2;51;36;29;48;2;33;19;15m𜸚[38;2;54;39;33;48;2;21;8;3m🭑[38;2;56;35;29;48;2;27;11;7m⣇[38;2;29;17;16;48;2;56;40;38m𜶟[38;2;14;8;9;48;2;42;35;29m🬒[38;2;21;11;11;48;2;77;61;60m▀[38;2;64;54;47;48;2;21;11;11m🭑[38;2;26;17;14;48;2;3;0;1m▇[38;2;1;0;0;48;2;51;38;30m🬂[38;2;21;14;18;48;2;3;0;0m▇[38;2;80;70;71;48;2;23;18;18m𜴳[38;2;63;52;51;48;2;6;0;0m🬹[38;2;71;64;64;48;2;21;9;6m𜴫[38;2;19;7;7;48;2;86;81;83m𜶺[38;2;116;99;86;48;2;39;21;22m𜶜[38;2;84;67;66;48;2;45;26;27m𜶞[38;2;86;78;66;48;2;145;120;111m▀[38;2;64;52;51;48;2;147;123;108m🬎[38;2;10;7;5;48;2;27;24;18m𜷲[38;2;104;77;62;48;2;65;45;41m𜶨[38;2;71;47;25;48;2;124;92;77m𜹎[38;2;48;30;14;48;2;147;130;108m🭭[38;2;120;77;46;48;2;129;100;85m𜵢[38;2;67;44;29;48;2;137;116;100m🬅[38;2;147;139;123;48;2;91;67;41m𜴮[38;2;220;195;170;48;2;64;45;41m𜴀[38;2;59;46;33;48;2;41;24;9m𜴬[0m
[38;2;152;80;59;48;2;136;65;44m▁[38;2;90;36;29;48;2;108;44;34m🭥[38;2;74;35;29;48;2;92;53;41m𜴝[38;2;105;62;47;48;2;87;46;38m🬬[38;2;134;88;74;48;2;143;84;61m𜺠[38;2;76;44;44;48;2;101;57;50m🭥[38;2;64;44;44;48;2;60;38;38m𜵄[38;2;155;87;66;48;2;85;48;39m🭧[38;2;203;120;84;48;2;136;80;57m▀[38;2;24;17;10;48;2;147;77;47m🭧[38;2;17;9;3;48;2;42;17;6m🭓[38;2;22;5;0;48;2;32;9;3m🭕[38;2;24;2;5;48;2;25;0;3m╻[38;2;24;1;5;48;2;20;0;2m𜺑[38;2;23;0;6;48;2;19;0;3m𜸁[38;2;24;2;7;48;2;20;0;4m⠈[48;2;18;0;2m⡀[38;2;23;1;5m𜰢[38;2;27;0;6;48;2;21;0;4m𜸬[48;2;18;0;2m [48;2;20;0;3m [48;2;16;0;1m [48;2;14;0;2m [48;2;14;0;1m [48;2;0;0;0m   [38;2;23;10;5;48;2;18;8;2m𜸭[38;2;25;9;2;48;2;6;0;0m🭭[38;2;40;26;10;48;2;3;0;0m▀[38;2;44;33;29;48;2;13;0;0m▀[38;2;1;0;2;48;2;29;29;28m▁[38;2;57;62;66;48;2;35;23;14m🭧[38;2;46;45;53;48;2;29;24;21m𜴗[38;2;60;69;71;48;2;44;44;48m𜴅[38;2;56;33;20;48;2;39;44;47m▁[38;2;64;63;61;48;2;40;33;28m𜺩[38;2;70;60;54;48;2;47;46;41m🭕[38;2;40;42;41;48;2;67;63;62m𜸟[38;2;51;50;47;48;2;44;44;39m𜺗[38;2;58;64;62;48;2;77;66;70m▅[38;2;72;77;80;48;2;39;47;50m𜵿[38;2;83;98;106;48;2;64;73;77m🭣[38;2;107;112;113;48;2;74;80;85m⡈[38;2;98;106;106;48;2;47;53;51m🬂[38;2;60;70;66;48;2;66;94;97m▆[38;2;42;45;51;48;2;62;60;61m𜺽[38;2;60;56;54;48;2;94;88;85m𜺦[38;2;122;134;130;48;2;105;107;104m🬋[38;2;135;142;136;48;2;73;86;81m𜴯[38;2;48;59;61;48;2;87;77;66m╮[38;2;91;91;88;48;2;72;83;77m𜹁[38;2;52;48;47;48;2;70;72;69m𜴅[38;2;93;88;87;48;2;84;79;76m𜹐[38;2;90;98;108;48;2;73;73;73m◕[38;2;88;105;114;48;2;71;80;84m🬅[38;2;95;100;99;48;2;64;74;71m𜲔[38;2;63;74;88;48;2;51;58;64m🬍[38;2;59;57;69;48;2;65;76;93m▃[38;2;74;84;99;48;2;38;50;64m𜵞[38;2;53;60;73;48;2;60;73;90m🬭[38;2;62;58;54;48;2;84;81;83m🬟[38;2;35;35;44;48;2;58;64;78m▅[38;2;66;47;33;48;2;74;74;84m▂[38;2;36;36;36;48;2;70;51;36m🭒[38;2;14;5;1;48;2;38;33;42m▁[38;2;14;6;2;48;2;35;30;38m▃[38;2;41;41;44;48;2;6;2;0m▀[38;2;9;3;2;48;2;45;39;41m▆[38;2;36;23;18;48;2;6;1;0m🭘[48;2;0;0;0m [38;2;0;0;0;48;2;22;1;8m𜵰[48;2;20;2;9m🬎[38;2;44;20;32;48;2;0;0;0m▃[38;2;24;1;8;48;2;5;0;1m🭆[38;2;52;21;27;48;2;23;1;5m▅[38;2;52;25;36;48;2;36;10;17m𜴯[38;2;53;33;41;48;2;26;6;14m𜴆[38;2;41;29;38;48;2;34;17;24m𜹏[38;2;44;38;45;48;2;25;16;28m┊[38;2;8;5;9;48;2;19;14;20m𜹢[38;2;4;1;2;48;2;29;24;26m𜳻[38;2;42;36;40;48;2;33;28;24m𜺤[38;2;46;40;44;48;2;18;12;10m𜷼[38;2;17;10;9;48;2;60;54;51m𜵰[38;2;27;23;20;48;2;34;29;26m𜴕[38;2;26;18;17;48;2;35;30;27m𜸿[38;2;71;70;79;48;2;56;46;39m𜸟[38;2;27;22;25;48;2;35;27;32m𜲱[38;2;14;10;11;48;2;56;50;50m𜴬[38;2;74;81;95;48;2;33;33;38m▂[38;2;35;44;57;48;2;48;44;51m🭞[38;2;91;99;112;48;2;33;33;41m𜶵[38;2;59;62;70;48;2;71;80;95m𜸛[38;2;15;14;14;48;2;81;71;72m🬆[38;2;93;86;86;48;2;46;29;25m𜷜[38;2;69;63;70;48;2;28;23;29m🬰[38;2;33;23;29;48;2;66;61;65m𜵩[38;2;29;19;19;48;2;108;94;99m🬴[38;2;97;95;106;48;2;38;23;21m🬋[38;2;44;32;32;48;2;44;19;12m■[38;2;70;47;42;48;2;40;18;12m𜶟[38;2;41;23;18;48;2;122;111;99m𜵥[38;2;116;109;92;48;2;99;90;74m⡙[38;2;92;76;63;48;2;130;108;88m🬍[38;2;88;76;80;48;2;33;21;14m🬎[38;2;86;69;63;48;2;34;20;20m▀[38;2;56;40;33;48;2;139;139;142m𜶟[38;2;54;33;23;48;2;145;122;116m🭠[38;2;148;108;86;48;2;107;91;81m🬫[38;2;144;108;79;48;2;24;18;9m▙[38;2;44;29;24;48;2;105;80;70m𜴂[38;2;156;132;120;48;2;100;65;36m𜴜[38;2;129;94;72;48;2;203;161;115m▅[38;2;197;161;140;48;2;132;104;65m𜶱[38;2;123;85;52;48;2;150;114;81m■[38;2;84;48;28;48;2;151;124;79m▂[38;2;81;71;61;48;2;52;26;20m𜴳[38;2;44;32;18;48;2;127;109;93m🬍[38;2;73;54;29;48;2;47;29;13m𜹇[0m
[38;2;159;86;63;48;2;147;78;56m𜴥[38;2;135;74;58;48;2;172;91;70m▂[38;2;92;47;39;48;2;132;69;53m🭤[38;2;74;42;33;48;2;64;35;33m▅[38;2;97;66;52;48;2;74;51;39m🭕[38;2;144;90;70;48;2;143;86;64m𜹑[38;2;83;50;39;48;2;99;61;45m🭥[38;2;71;40;36;48;2;98;51;38m🭕[38;2;65;34;33;48;2;87;46;38m🭎[38;2;90;48;39;48;2;105;58;47m▌[38;2;150;84;59;48;2;104;61;44m𜶑[38;2;33;9;2;48;2;142;84;65m𜴦[38;2;134;84;70;48;2;27;3;3m▁[38;2;23;3;8;48;2;18;0;1m𜴋[38;2;23;6;10;48;2;19;1;5m⣹[38;2;25;6;8;48;2;15;0;1m⡀[38;2;27;1;3;48;2;18;0;3m▂[38;2;27;3;6;48;2;14;0;1m🬽[38;2;44;13;12;48;2;17;0;1m▂[38;2;14;0;0;48;2;25;2;7m𜷚[38;2;32;5;10;48;2;16;0;2m𜰾[38;2;27;2;8;48;2;12;0;2m𜳆[38;2;63;28;24;48;2;14;0;2m▂[38;2;24;0;5;48;2;11;0;2m🬚[38;2;161;98;81;48;2;10;0;1m▗[38;2;147;86;70;48;2;10;0;2m▅[38;2;140;79;60;48;2;3;0;0m▖[48;2;0;0;0m    [48;2;0;0;2m [48;2;1;0;0m [38;2;33;13;9;48;2;17;3;0m𜺪[38;2;13;0;0;48;2;38;5;1m▇[38;2;47;18;8;48;2;18;2;1m🬂[38;2;16;3;3;48;2;44;14;5m▅[38;2;48;27;15;48;2;6;0;0m▀[38;2;42;33;22;48;2;18;1;2m▀[38;2;56;42;34;48;2;18;0;1m▀[38;2;23;1;1;48;2;48;47;42m▃[38;2;44;18;14;48;2;44;50;45m▃[38;2;62;66;65;48;2;51;28;16m▀[38;2;44;47;40;48;2;66;77;76m▆[38;2;59;64;60;48;2;59;44;35m🬎[38;2;60;35;26;48;2;61;62;57m▃[38;2;59;36;26;48;2;69;71;70m▃[38;2;65;47;32;48;2;76;74;70m▃[38;2;64;42;26;48;2;57;70;67m▂[38;2;70;51;36;48;2;54;66;62m▂[38;2;57;34;22;48;2;57;66;65m▂[38;2;63;74;77;48;2;48;47;44m▀[38;2;57;38;23;48;2;66;80;80m▂[38;2;50;51;48;48;2;76;88;91m🭆[38;2;41;50;51;48;2;33;42;39m𜴢[38;2;57;34;24;48;2;52;57;58m▂[38;2;39;23;11;48;2;44;38;39m𜺢[38;2;60;58;59;48;2;33;36;45m🭚[38;2;46;25;14m𜺢[38;2;51;44;44;48;2;23;5;0m🬎[38;2;70;50;35;48;2;26;2;0m🬍[38;2;66;48;30;48;2;23;2;0m🭜[38;2;5;0;0;48;2;25;9;2m▅[38;2;18;0;0;48;2;63;40;28m▇[38;2;56;23;14;48;2;10;0;0m𜺨[48;2;2;0;0m [48;2;0;0;0m [38;2;0;0;0;48;2;18;3;10m🭝[38;2;18;2;10;48;2;0;0;0m▃[38;2;0;0;0;48;2;22;2;9m🭜[38;2;20;1;8;48;2;64;39;52m🬎[38;2;23;1;9;48;2;93;65;81m🭜[38;2;59;38;46;48;2;99;85;99m𜶹[38;2;51;30;39;48;2;114;105;123m𜷛[38;2;25;22;23;48;2;53;59;81m▗[38;2;53;47;51;48;2;26;34;44m𜰺[38;2;5;2;4;48;2;22;19;25m🬾[38;2;18;14;14;48;2;41;39;42m🬫[38;2;40;38;41;48;2;18;14;14m╘[38;2;18;16;18;48;2;91;94;106m🭞[38;2;23;22;24;48;2;47;47;56m▀[38;2;63;57;59;48;2;27;22;22m𜵢[38;2;28;23;21;48;2;44;39;35m𜵍[38;2;16;10;9;48;2;60;51;50m𜴴[38;2;51;44;41;48;2;57;46;54m🬬[38;2;56;45;46;48;2;22;14;15m▅[38;2;17;10;10;48;2;39;29;25m┸[38;2;33;30;39;48;2;29;23;30m𜵘[38;2;76;85;113;48;2;24;18;25m▬[38;2;61;60;80;48;2;28;36;53m𜵹[38;2;69;86;114;48;2;46;44;59m𜲡[38;2;58;63;85;48;2;20;18;25m🬠[38;2;34;24;29;48;2;35;41;56m𜸯[38;2;24;20;26;48;2;35;35;44m𜶹[38;2;90;88;98;48;2;38;29;33m🬋[38;2;33;29;35;48;2;18;10;16m🬰[38;2;18;10;9;48;2;38;33;39m┷[38;2;35;27;23;48;2;39;33;38m▬[38;2;34;26;27;48;2;56;56;64m🬹[38;2;38;28;26;48;2;19;14;14m■[38;2;28;23;21;48;2;45;35;36m🭑[38;2;50;44;45;48;2;14;4;4m🬹[38;2;79;63;62;48;2;28;16;14m🭈[38;2;70;51;58;48;2;32;18;8m𜶶[38;2;50;39;38;48;2;34;18;14m𜶷[38;2;63;48;47;48;2;50;29;22m△[38;2;66;41;38;48;2;23;19;23m🬎[38;2;58;38;30;48;2;44;23;16m🬒[38;2;13;6;9;48;2;51;33;27m▂[38;2;69;47;38;48;2;74;51;29m▆[38;2;111;81;54;48;2;77;50;29m𜴒[38;2;114;81;69;48;2;144;115;101m𜵒[38;2;155;132;122;48;2;83;48;29m𜴬[38;2;73;44;35;48;2;144;111;90m▂[38;2;111;74;48;48;2;71;45;33m𜴮[38;2;46;23;14;48;2;120;94;65m▂[38;2;119;107;100;48;2;81;44;24m■[38;2;139;114;95;48;2;53;23;6m𜴈[38;2;65;47;28;48;2;119;99;93m🭠[38;2;50;33;19;48;2;39;23;11m𜵫[0m
[38;2;56;29;29;48;2;73;41;39m🬌[38;2;95;53;47;48;2;76;50;45m🭓[38;2;90;58;53;48;2;129;71;51m▂[38;2;91;50;40;48;2;122;74;56m🭢[38;2;86;45;38;48;2;93;51;42m🭕[38;2;98;57;44;48;2;79;48;38m𜺬[38;2;72;41;33;48;2;107;56;44m▃[48;2;135;66;51m [38;2;94;50;38;48;2;85;44;33m▇[38;2;80;44;34;48;2;94;51;42m🭔[38;2;88;46;38;48;2;114;64;51m▆[38;2;150;85;61;48;2;129;72;54m𜰢[38;2;154;72;51;48;2;144;78;58m𜴉[38;2;84;52;40;48;2;115;56;38m🭓[38;2;58;44;38;48;2;62;33;29m𜴵[38;2;76;46;39;48;2;107;85;73m🭀[38;2;116;85;67;48;2;147;111;97m▆[38;2;115;77;64;48;2;150;85;52m🭞[38;2;91;54;41;48;2;150;81;51m𜶫[38;2;77;47;40;48;2;111;71;54m𜸚[38;2;79;56;52;48;2;88;69;58m▅[38;2;94;66;62;48;2;71;58;60m𜴤[38;2;93;51;35;48;2;145;85;60m🬝[38;2;84;46;36;48;2;94;51;38m🭕[38;2;69;46;45;48;2;81;50;41m▚[38;2;123;85;81;48;2;72;40;42m🭚[38;2;18;0;2;48;2;30;7;10m𜺓[38;2;24;5;10;48;2;16;0;2m▖[38;2;23;12;18;48;2;1;0;0m𜰽[38;2;7;1;1;48;2;27;22;34m𜴗[38;2;1;0;1;48;2;19;5;12m🬝[48;2;0;0;0m        [48;2;4;0;1m [48;2;8;0;1m [48;2;8;0;2m [48;2;11;0;1m [38;2;23;7;8;48;2;9;0;0m𜺫[38;2;70;44;46;48;2;8;0;0m𜺪[38;2;10;0;0;48;2;77;46;42m▇[38;2;18;0;1;48;2;44;19;14m▇[38;2;29;5;0;48;2;11;0;0m🬂[38;2;28;5;0;48;2;10;0;0m🬂[38;2;32;10;2;48;2;20;2;2m🬂[38;2;33;9;2;48;2;11;0;0m🬂[38;2;33;11;6;48;2;12;0;0m🬂[38;2;27;6;1;48;2;13;0;0m🬂[38;2;18;0;0;48;2;33;7;4m▇[38;2;51;24;17;48;2;21;2;4m𜺨[38;2;29;10;10;48;2;11;0;0m𜸭[48;2;6;0;0m [48;2;14;0;0m [48;2;18;1;3m [48;2;0;0;0m   [38;2;0;0;0;48;2;23;3;12m🭞[48;2;19;5;12m𜴗[38;2;15;7;13;48;2;0;0;0m▆[38;2;48;19;33;48;2;36;19;24m▂[38;2;25;9;14;48;2;51;21;34m𜴗[38;2;83;62;78;48;2;22;3;11m▃[38;2;23;1;10;48;2;66;44;56m𜴂[38;2;80;58;71;48;2;63;45;56m𜸨[38;2;93;90;98;48;2;45;52;63m𜶏[38;2;59;65;79;48;2;39;46;57m𜺩[38;2;71;74;80;48;2;28;32;40m🬅[38;2;44;40;39;48;2;17;14;13m𜴏[38;2;23;19;23;48;2;38;34;35m𜵫[38;2;35;33;34;48;2;29;25;29m𜲥[38;2;27;25;28;48;2;52;51;53m𜷛[38;2;20;21;25;48;2;32;32;39m𜷔[38;2;24;25;29m┸[38;2;59;53;51;48;2;83;80;84m◘[38;2;70;70;72;48;2;59;62;67m𜲴[38;2;13;12;9;48;2;36;29;26m▌[38;2;67;66;76;48;2;61;51;48m𜲡[38;2;88;84;83;48;2;24;13;12m𜴳[38;2;57;40;41;48;2;26;14;14m𜴰[38;2;79;72;77;48;2;25;23;33m𜴴[38;2;58;58;71;48;2;12;11;23m🬌[38;2;50;51;54;48;2;29;17;19m𜱎[38;2;41;62;72;48;2;10;10;19m■[38;2;13;5;9;48;2;34;24;28m𜷧[38;2;67;66;83;48;2;27;14;16m▬[38;2;35;38;58;48;2;35;21;22m▬[38;2;64;54;45;48;2;33;22;23m𜹰[38;2;51;27;23;48;2;32;11;10m🭦[38;2;6;3;1;48;2;34;26;22m▬[38;2;29;22;20;48;2;38;29;27m𜴵[38;2;8;1;0;48;2;28;19;20m𜴧[38;2;10;1;0;48;2;29;22;23m◤[38;2;33;19;14;48;2;52;42;44m▆[38;2;32;28;29;48;2;39;26;18m🭧[38;2;30;27;26;48;2;0;0;0m🬪[38;2;21;14;6m𜴵[38;2;18;9;5;48;2;15;6;6m🬧[38;2;14;3;2;48;2;22;6;6m▚[38;2;5;0;0;48;2;42;23;18m▂[38;2;15;2;0;48;2;27;12;4m▂[38;2;32;15;10;48;2;12;2;0m𜷣[38;2;21;7;0;48;2;38;23;16m𜳆[38;2;27;10;0;48;2;101;86;66m▅[38;2;72;52;29;48;2;44;26;18m𜸯[38;2;61;34;23;48;2;65;50;42m🬯[38;2;69;39;26;48;2;122;80;50m▍[38;2;71;47;33;48;2;100;88;87m🬭[38;2;38;20;15;48;2;92;71;60m𜵑[38;2;59;41;33;48;2;18;6;2m▀[38;2;72;45;38;48;2;26;12;6m●[38;2;46;25;14;48;2;74;45;36m🬿[38;2;41;20;9;48;2;124;99;67m▅[38;2;59;40;22;48;2;51;34;20m𜴆[38;2;70;57;40;48;2;52;39;22m𜸽[0m
[38;2;90;51;42;48;2;97;58;48m𜴢[38;2;41;23;22;48;2;56;27;23m🭕[38;2;34;23;18;48;2;72;42;39m▌[38;2;92;54;45;48;2;81;47;42m🭖[48;2;116;70;51m [38;2;86;39;30;48;2;94;47;35m🭥[38;2;99;57;47;48;2;58;28;19m𜺜[38;2;80;44;33;48;2;64;35;32m▀[38;2;77;41;34;48;2;115;63;51m▖[38;2;116;59;44;48;2;155;97;70m▀[38;2;78;39;28;48;2;97;52;38m🭥[38;2;59;33;29;48;2;84;40;29m𜷋[38;2;61;36;36;48;2;122;64;50m▅[38;2;120;67;50;48;2;71;44;38m🭓[38;2;151;83;56;48;2;122;63;47m𜸥[48;2;108;56;36m [38;2;135;78;42;48;2;92;44;28m▀[38;2;144;80;51;48;2;44;25;19m▀[38;2;148;71;48;48;2;64;38;34m🬎[38;2;93;48;38;48;2;93;41;32m𜺯[38;2;76;40;33;48;2;93;48;38m▀[38;2;86;48;39;48;2;106;59;48m▋[38;2;151;85;61;48;2;132;74;57m𜺪[38;2;156;87;58;48;2;51;41;50m▀[38;2;95;74;74;48;2;45;34;42m𜴇[38;2;30;18;23;48;2;61;51;60m🬩[38;2;13;2;6;48;2;32;20;29m▂[38;2;30;11;18;48;2;6;0;0m𜴴[38;2;39;25;32;48;2;9;0;4m🬌[38;2;26;16;28;48;2;14;0;5m𜴇[38;2;59;42;53;48;2;9;0;6m𜴁[48;2;9;0;3m [48;2;0;0;0m  [48;2;0;0;1m [48;2;0;0;0m [48;2;1;0;1m  [48;2;0;0;1m [48;2;0;0;0m             [38;2;0;0;0;48;2;21;0;9m🭞[38;2;24;1;10;48;2;0;0;0m▂[38;2;0;0;0;48;2;23;1;10m🬎[48;2;22;0;9m🬎[48;2;21;0;8m▀[38;2;18;2;10;48;2;0;0;0m▅[38;2;30;6;15m▅[38;2;42;20;32;48;2;14;6;10m▂[38;2;21;2;8;48;2;48;17;30m🬎[38;2;46;17;28;48;2;21;2;8m𜴧[38;2;29;7;16;48;2;45;17;30m▀[38;2;47;21;34;48;2;29;7;18m𜸞[38;2;45;17;33;48;2;126;105;116m▀[38;2;84;61;71;48;2;46;17;29m▆[38;2;144;130;140;48;2;77;58;69m𜴖[38;2;109;106;114;48;2;71;79;98m🭜[38;2;39;44;54;48;2;66;73;87m▆[38;2;61;66;73;48;2;23;27;26m🭞[38;2;10;10;14;48;2;27;29;34m𜴽[38;2;38;39;41;48;2;25;25;27m𜶒[38;2;62;58;57;48;2;44;44;41m𜱯[38;2;42;38;39;48;2;24;19;21m▉[38;2;39;35;36;48;2;29;23;25m𜵥[38;2;88;90;92;48;2;19;14;18m𜸥[38;2;6;2;6;48;2;25;26;29m🭚[38;2;21;20;25;48;2;50;44;45m𜴰[38;2;62;57;61;48;2;27;22;23m𜰮[38;2;29;27;32;48;2;36;29;36m🬋[38;2;78;71;76;48;2;41;39;42m𜴴[38;2;41;32;33;48;2;24;16;15m▊[38;2;65;54;53;48;2;33;25;28m𜴪[38;2;33;27;22;48;2;51;45;41m𜶷[38;2;42;36;38;48;2;29;25;23m🬋[38;2;38;30;28;48;2;25;18;16m𜹋[38;2;32;25;20;48;2;10;4;3m𜵭[38;2;17;9;8;48;2;0;0;0m𜹉[38;2;28;14;17;48;2;7;0;0m𜴃[38;2;23;16;12;48;2;16;8;4m𜶕[38;2;29;12;7;48;2;11;3;6m𜴘[38;2;38;20;11;48;2;3;0;1m𜵡[38;2;21;9;6;48;2;7;1;0m𜴌[38;2;39;24;12;48;2;19;6;2m𜷝[38;2;23;10;6;48;2;18;6;3m𜵇[38;2;38;24;15;48;2;14;5;4m🬰[38;2;34;21;15;48;2;14;3;1m🬂[38;2;26;14;9;48;2;14;4;3m🬡[38;2;22;10;5;48;2;15;6;2m⣠[38;2;15;5;5;48;2;22;11;6m▇[38;2;22;10;6;48;2;12;2;2m𜸴[38;2;33;21;18;48;2;5;0;0m𜹁 [38;2;26;13;13;48;2;7;0;0m𜺩[38;2;23;10;10;48;2;15;4;4m𜺨[38;2;20;6;7;48;2;5;0;0m◟[48;2;17;3;5m𜴀[38;2;21;6;6;48;2;9;0;0m𜶙[38;2;15;0;2;48;2;25;6;5m𜶰[38;2;22;5;1;48;2;36;18;14mt[38;2;36;18;14;48;2;59;39;33m🬱[38;2;38;16;7;48;2;85;51;29m▆[38;2;81;51;29;48;2;38;15;6m𜴅[38;2;44;23;12;48;2;80;64;52m▇[38;2;30;21;16;48;2;100;77;76m▇[38;2;38;25;23;48;2;16;4;0m𜷄[38;2;58;53;51;48;2;44;24;17m🬡[38;2;41;24;23;48;2;60;42;34m𜴠[38;2;38;20;22;48;2;56;41;38m𜹃[38;2;38;29;21;48;2;48;38;27m𜺯[0m
[38;2;130;73;57;48;2;71;40;33m🬎[38;2;86;42;30;48;2;109;56;39m🬁[38;2;54;30;22;48;2;52;29;18m𜺮[38;2;44;25;19;48;2;57;33;26m🭑[38;2;60;39;33;48;2;83;52;44m🬓[38;2;83;51;39;48;2;124;81;60m▂[38;2;100;62;46;48;2;83;50;39m𜺦[38;2;45;25;24;48;2;62;34;26m🬎[38;2;105;63;42;48;2;73;47;35m🭦[38;2;83;38;26;48;2;132;80;52m▁[38;2;87;50;38;48;2;142;83;53m🭢[38;2;80;45;33;48;2;95;52;39m🬊[38;2;97;48;39;48;2;54;28;18m▃[38;2;101;48;33;48;2;61;33;23m🬼[38;2;78;44;29;48;2;94;47;33m▌[48;2;109;56;39m [38;2;44;21;18;48;2;83;44;32m𜴿[38;2;63;33;26;48;2;29;14;11m▃[38;2;25;18;18;48;2;38;27;27m🬌[38;2;81;45;38;48;2;61;39;34m🬉[38;2;106;52;39;48;2;28;14;18m▀[38;2;105;47;36;48;2;33;23;27m🭚[38;2;52;40;44;48;2;28;18;23m🬀[38;2;18;10;13;48;2;11;0;3m🭠[38;2;51;35;42;48;2;17;3;7m🭘[38;2;23;0;6;48;2;14;1;5m▁[48;2;13;1;4m [38;2;23;1;5;48;2;10;0;3m𜸱[48;2;9;0;2m▁[38;2;22;1;6;48;2;10;0;1m▃[38;2;23;0;6;48;2;12;0;3m🬽[48;2;10;0;2m▂[48;2;8;0;2m▂[38;2;23;1;5;48;2;7;0;1m▂[38;2;26;3;8;48;2;4;0;1m▂[38;2;23;1;6;48;2;3;0;0m▃[38;2;26;2;7;48;2;2;0;0m▂[38;2;24;2;9;48;2;1;0;1m▂[38;2;23;1;9;48;2;3;0;1m▂[38;2;23;0;7;48;2;3;0;0m▂[38;2;30;0;10;48;2;0;0;0m▁[38;2;23;0;6m▁[38;2;21;1;9m▁[38;2;23;2;10m▁[38;2;22;1;6m▂[38;2;23;0;6m▂[38;2;20;2;7m▃[38;2;0;0;0;48;2;23;3;9m🬎[38;2;47;10;22;48;2;0;0;0m▃[38;2;0;0;0;48;2;44;11;23m▀[38;2;22;1;8;48;2;3;0;0m▆[38;2;48;19;33;48;2;23;0;6m▂[38;2;46;17;28m▃[38;2;47;18;32;48;2;28;5;11m▃[38;2;34;9;18;48;2;45;17;29m🭜[38;2;53;23;38;48;2;39;13;23m▅[38;2;44;16;29;48;2;42;15;25m▆[38;2;81;47;64;48;2;47;18;33m─[38;2;60;33;50;48;2;53;23;40m◜[38;2;58;27;44;48;2;61;40;52m𜴗[38;2;56;29;45;48;2;175;148;156m▀[38;2;187;184;188;48;2;112;85;99m𜴧[38;2;136;123;135;48;2;115;88;105m𜴯[38;2;111;100;116;48;2;104;124;137m▙[38;2;91;99;120;48;2;65;70;84m𜶅[38;2;74;77;91;48;2;36;39;54m𜴏[38;2;21;18;24;48;2;60;63;73m🭊[38;2;15;14;16;48;2;40;40;42m■[38;2;8;5;9;48;2;18;16;20m⡨[38;2;8;7;10;48;2;26;25;29m◺[38;2;35;32;33;48;2;22;17;18m𜹏[38;2;42;33;36;48;2;58;48;50m𜵮[38;2;22;20;21;48;2;34;35;38m𜵖[38;2;18;14;18;48;2;45;44;48m◘[38;2;63;63;65;48;2;19;15;20m🭊[38;2;39;38;44;48;2;15;13;22m𜴬[38;2;8;5;16;48;2;52;47;53m𜵖[38;2;8;3;0;48;2;47;38;45m𜴧[38;2;12;9;5;48;2;35;27;29m𜵡[38;2;50;34;28;48;2;29;18;10m𜴺[38;2;13;5;2;48;2;33;21;14m𜸥[38;2;10;3;0;48;2;38;29;21m𜴆[38;2;3;0;0;48;2;24;10;4m𜸟[38;2;15;6;2;48;2;45;27;15m◤[38;2;29;19;7;48;2;15;7;5m🬺[38;2;21;10;8;48;2;3;0;0m𜴘[38;2;23;10;10;48;2;13;5;5m𜲆[38;2;21;12;8;48;2;13;3;1m🬊[38;2;19;11;5;48;2;9;3;0m𜴀[48;2;2;0;0m [38;2;25;9;10;48;2;15;2;3m𜴯[38;2;19;6;5;48;2;10;0;2m🬖[38;2;26;7;6;48;2;17;3;3m𜸻[48;2;7;0;0m [48;2;14;2;4m [48;2;9;0;1m [38;2;22;7;9;48;2;14;2;2m𜹑[38;2;20;8;8;48;2;11;0;0m𜹒[38;2;23;9;6;48;2;14;2;2m𜴘[38;2;20;10;3;48;2;9;1;0m𜺜[48;2;11;2;2m [48;2;1;0;0m [38;2;18;8;6;48;2;3;0;1m𜺠[38;2;14;3;3;48;2;21;14;10m🭒[38;2;24;12;14;48;2;10;0;1m𜱬[38;2;21;12;9;48;2;16;2;3m𜲤[38;2;36;23;25;48;2;10;1;1m𜴽[38;2;19;8;6;48;2;3;0;0m▂[38;2;36;21;15;48;2;11;1;0m𜴪[38;2;33;9;5;48;2;10;0;0m🭧[38;2;16;3;0;48;2;36;23;18m𜸤[38;2;13;0;0;48;2;33;18;11m𜸞[38;2;50;40;41;48;2;35;23;15m🬇[38;2;77;74;76;48;2;23;6;1m𜸥[38;2;15;7;6;48;2;26;10;6m𜲥[38;2;13;0;0;48;2;28;14;9m🬂[38;2;62;47;38;48;2;38;18;7m╺[38;2;48;32;24;48;2;38;20;11m𜸧[38;2;47;29;28;48;2;36;27;18m𜷡[38;2;76;70;65;48;2;34;25;24m▀[0m
[38;2;46;23;14;48;2;66;36;30m▁[38;2;97;59;44;48;2;83;50;39m𜴦[38;2;85;50;36;48;2;109;69;56m𜴷[38;2;147;85;65;48;2;97;56;41m𜹇[38;2;65;34;25m🬨[38;2;64;38;34;48;2;69;39;35m🬀[38;2;92;56;42;48;2;83;51;42m🬁[38;2;87;51;36;48;2;93;57;44m𜺪[38;2;78;41;33;48;2;94;50;39m🭕[38;2;64;40;34;48;2;71;34;29m🬍[38;2;41;23;14;48;2;74;45;36m🬃[38;2;88;47;29;48;2;107;58;41m𜵈[48;2;135;77;59m [38;2;120;62;38;48;2;90;40;23m▙[38;2;74;29;22;48;2;80;50;48m𜴗[38;2;19;10;11;48;2;90;52;33m▅[38;2;92;56;40;48;2;62;38;35m🬆[38;2;62;35;36;48;2;40;20;22m🬆[38;2;58;33;35;48;2;42;18;28m𜺨[38;2;6;0;5;48;2;29;15;24m𜰢[38;2;116;100;112;48;2;21;13;20m𜹒[48;2;15;6;12m [38;2;19;3;5;48;2;24;9;15m𜸌[38;2;22;3;7;48;2;20;2;6m▇[38;2;16;0;3;48;2;22;2;6m𜸻[38;2;44;20;25;48;2;23;3;8m⢀[38;2;46;18;25;48;2;23;1;6m🭇[38;2;25;1;6;48;2;47;18;27m🭞[38;2;26;0;7m🭝[48;2;46;17;26m🬎[38;2;56;23;35;48;2;24;1;6m▂[38;2;27;2;8;48;2;60;23;36m🬎[38;2;29;5;10;48;2;58;21;34m🬎[38;2;33;6;10;48;2;47;18;27m▀[38;2;38;9;16;48;2;47;17;26m▀[48;2;48;15;23m🭜[38;2;47;14;23;48;2;50;18;26m▋[38;2;47;16;28;48;2;41;12;19m▇[38;2;38;9;20;48;2;52;20;33m🬂[38;2;29;3;12;48;2;48;17;29m🭧[38;2;27;1;8;48;2;51;18;30m🬎[38;2;29;2;9;48;2;60;24;38m▀[38;2;29;4;10;48;2;56;23;33m▀[38;2;29;3;9;48;2;80;38;57m▀[38;2;53;19;29m𜴳[38;2;80;38;58;48;2;44;10;23m▂[38;2;48;15;27;48;2;78;38;57m𜶫[38;2;51;21;33;48;2;57;23;36m🭙[38;2;79;39;58;48;2;50;16;28m𜸣[38;2;60;33;47;48;2;60;24;38m▁[38;2;59;28;44;48;2;64;29;44m▂[38;2;64;29;45;48;2;46;18;30m🬎[38;2;62;29;44;48;2;39;15;28m▀[38;2;62;28;44;48;2;148;122;137m▀[38;2;143;120;137;48;2;74;35;53m▅[38;2;79;42;60;48;2;166;137;150m🬂[38;2;162;131;144;48;2;84;54;66m𜴳[38;2;158;143;154;48;2;105;127;140m🬎[38;2;76;92;108;48;2;93;113;130m▂[38;2;101;113;124;48;2;38;52;66m🭜[38;2;38;50;66;48;2;61;79;107m▆[38;2;28;33;47;48;2;67;77;92m▅[38;2;56;60;73;48;2;78;81;87m🬓[38;2;105;104;109;48;2;77;87;86m𜴝[38;2;47;66;69;48;2;78;92;87m🬮[38;2;99;111;105;48;2;66;79;72m𜲎[38;2;73;84;90;48;2;17;21;23m𜴵[38;2;13;20;26;48;2;22;30;39m▇[38;2;5;1;2;48;2;20;20;22m𜱻[38;2;35;30;34;48;2;13;9;12m𜸴[38;2;72;67;66;48;2;36;35;41m𜴥[38;2;34;33;38;48;2;53;47;47m𜵛[38;2;19;14;18;48;2;52;44;48m▀[38;2;77;79;93;48;2;38;29;28m𜸟[38;2;71;72;78;48;2;16;9;11m𜸟[38;2;44;41;46;48;2;21;16;18m𜸅[38;2;18;6;3;48;2;44;34;35m▂[38;2;23;17;14;48;2;14;6;5m🬎[38;2;20;9;9;48;2;9;3;5m𜹀[38;2;10;3;4;48;2;28;17;10m▃[38;2;23;15;10;48;2;5;0;1m𜸠[38;2;26;15;9;48;2;5;0;0m𜴛[38;2;29;17;10;48;2;6;0;0m𜵇[38;2;15;2;1;48;2;30;15;8m▇[38;2;27;14;10;48;2;16;6;0m𜺽[48;2;11;2;0m [38;2;23;8;9;48;2;14;3;4m𜸇[48;2;15;4;5m [38;2;18;6;6;48;2;5;0;1m⠈[38;2;19;8;5;48;2;11;2;0m🭗[48;2;12;0;3m [38;2;21;5;5;48;2;10;0;0m𜸭[38;2;19;6;6;48;2;14;0;2m𜺗[38;2;20;6;6;48;2;14;2;2m𜺔[38;2;21;7;5;48;2;3;0;0m𜺗[48;2;14;2;0m𜴆[48;2;5;0;0m [38;2;21;7;7;48;2;10;0;0m▀[38;2;24;12;7;48;2;6;0;0m𜹴[38;2;17;10;6;48;2;10;0;1m▁[38;2;6;0;2;48;2;18;9;6m🬸[38;2;17;9;6;48;2;6;0;1m■[38;2;15;8;6;48;2;6;1;2m🭣[38;2;21;12;8;48;2;10;0;2m𜶁[38;2;22;9;10;48;2;9;1;0m𜵄[38;2;9;3;0;48;2;39;36;29m𜷣[38;2;18;12;10;48;2;8;0;0m●[38;2;25;20;20;48;2;6;1;0m𜺘[38;2;18;5;6;48;2;14;4;3m⣌[38;2;6;0;0;48;2;28;13;11m𜴩[38;2;14;5;3;48;2;29;14;10m🬰[38;2;15;5;1;48;2;33;20;18m🬡[38;2;38;30;29;48;2;21;12;10m🭭[38;2;66;51;42;48;2;19;10;8m🬑[38;2;73;57;53;48;2;38;23;19m𜴙[38;2;40;35;33;48;2;38;22;14m◟[38;2;61;48;48;48;2;23;13;9m𜴆[38;2;46;33;32;48;2;39;26;23m𜴸[38;2;62;44;33;48;2;29;18;10m𜴑[38;2;78;66;56;48;2;45;35;27m🭧[0m
[38;2;44;21;13;48;2;48;25;15m🭧[38;2;30;14;6;48;2;47;23;10m🭎[38;2;63;38;19;48;2;45;27;15m🭓[38;2;87;51;36;48;2;119;69;50m▅[38;2;115;65;48;48;2;87;44;32m🭚[48;2;79;38;26m [38;2;90;52;45;48;2;74;42;34m𜴃[38;2;78;46;30;48;2;99;59;52m▃[38;2;114;69;59;48;2;87;50;39m🬄[38;2;84;46;36;48;2;94;47;33m🭠[38;2;74;39;25;48;2;109;60;44m🬎[38;2;94;52;46;48;2;79;42;30m🭥[38;2;69;47;40;48;2;116;69;58m▅[38;2;51;28;23;48;2;83;64;65m𜶣[38;2;30;25;34;48;2;64;47;48m🭓[38;2;32;23;29;48;2;52;41;47m╚[38;2;35;22;26;48;2;38;25;32m┖[38;2;70;51;58;48;2;34;19;24m▂[38;2;52;33;39;48;2;23;9;13m▂[38;2;44;24;30;48;2;36;21;26m▂[38;2;35;20;25;48;2;39;23;29m𜵐[38;2;51;27;33;48;2;24;9;14m▂[38;2;41;20;29;48;2;41;20;27m▅[38;2;46;21;27;48;2;39;15;19m▅[38;2;45;18;23;48;2;47;22;28m𜴂[38;2;46;19;23;48;2;44;21;24m𜺓[38;2;56;23;32;48;2;48;18;25m🬹[38;2;47;17;24;48;2;59;26;34m🭣[38;2;81;42;57;48;2;56;23;32m▃[48;2;56;21;33m𜵡[38;2;69;32;44;48;2;85;44;59m𜷚[38;2;78;38;57;48;2;64;28;39m▁[38;2;88;45;64;48;2;58;21;30m▁[38;2;94;52;72;48;2;59;23;34m▂[38;2;95;53;72;48;2;54;20;33m▃[38;2;50;16;28;48;2;84;44;61m🭜[38;2;81;41;59;48;2;65;30;46m🬹[38;2;77;44;59;48;2;95;51;71m🭠[38;2;77;40;57;48;2;95;50;69m🭜[38;2;98;51;71;48;2;80;40;58m▆[38;2;94;48;67;48;2;84;41;60m▇[38;2;101;54;74m▬[38;2;87;46;64;48;2;94;52;71m𜴏[38;2;97;52;73;48;2;88;47;65m𜴿[38;2;92;45;66;48;2;99;51;73m𜸟[38;2;171;151;161;48;2;93;50;72m▃[38;2;170;155;163;48;2;86;44;66m▃[38;2;77;46;59;48;2;161;147;158m▀[38;2;193;200;189;48;2;86;48;65m▅[38;2;137;109;124;48;2;81;54;70m🭏[38;2;152;148;158;48;2;62;50;62m🬋[38;2;181;168;169;48;2;77;66;72m𜴈[38;2;73;78;88;48;2;127;120;122m▅[38;2;39;39;47;48;2;74;84;99m▃[38;2;41;45;58;48;2;33;39;50m𜸥[38;2;25;23;30;48;2;29;33;33m𜶬[38;2;44;46;51;48;2;80;87;87m🬻[38;2;76;73;86;48;2;91;109;113m▋[38;2;51;65;72m𜸮[38;2;44;48;51;48;2;29;33;38m𜷗[38;2;27;27;29;48;2;46;56;63m𜸚[38;2;10;17;21;48;2;51;48;53m🭙[38;2;67;63;64;48;2;34;29;27m𜵪[38;2;38;36;33;48;2;62;62;60m▅[38;2;47;40;34;48;2;54;53;59m▅[38;2;21;20;17;48;2;34;32;27m🬙[38;2;44;45;44;48;2;26;25;21m𜸪[38;2;44;46;51;48;2;18;18;22m𜵔[38;2;51;46;45;48;2;36;34;38m🬋[38;2;47;41;41;48;2;29;24;24m𜴗[38;2;34;27;25;48;2;48;44;40m𜵦[38;2;28;21;18;48;2;47;39;38m𜹅[38;2;45;38;35;48;2;32;23;24m▘[38;2;9;1;0;48;2;28;20;21m𜴃[38;2;14;6;3;48;2;25;14;10m𜴁[38;2;44;29;24;48;2;24;14;14m⢐[38;2;30;18;18;48;2;19;5;1m🬎[38;2;17;6;6;48;2;14;6;6m𜴆[38;2;30;15;12;48;2;5;0;0m𜲜[38;2;22;8;8;48;2;10;2;3m⠄[48;2;11;0;0m [38;2;19;5;5;48;2;10;2;0m⢀[38;2;18;6;5;48;2;14;3;3m𜴸[38;2;20;5;5;48;2;13;3;3m↳[38;2;22;7;5;48;2;18;3;5m◖[48;2;6;0;1m [38;2;19;5;6;48;2;14;3;3m𜹍[38;2;18;6;5;48;2;12;0;1m𜹰[38;2;21;6;5;48;2;9;0;0m𜺟[38;2;19;6;5;48;2;3;0;1m🬼[38;2;8;0;0;48;2;21;10;8m🭞[38;2;24;14;8;48;2;12;0;1m▂[38;2;15;6;8;48;2;10;0;1m𜹏[38;2;15;9;7;48;2;1;0;0m𜸱[48;2;6;0;0m [48;2;10;1;3m [38;2;19;9;8;48;2;11;2;2m◦[48;2;14;2;2m [38;2;14;8;9;48;2;7;0;0m⠄[38;2;32;23;21;48;2;14;6;5m𜰅[38;2;36;33;23;48;2;14;6;3m🬁[38;2;11;8;5;48;2;14;12;9m▆[38;2;33;24;23;48;2;7;1;1m𜲽[38;2;18;14;12;48;2;3;0;0m𜲡[38;2;14;10;10;48;2;6;0;1m𜶜[38;2;11;5;4;48;2;28;19;18m𜴬[38;2;10;4;5;48;2;34;25;24m𜶟[38;2;15;8;7;48;2;8;2;1m🬋[38;2;16;7;9;48;2;2;0;0m■[38;2;52;47;44;48;2;13;3;5m𜲡[38;2;18;5;4;48;2;33;23;18m▿[38;2;17;6;2;48;2;29;21;14m𜸟[38;2;14;4;1;48;2;34;30;20m▂[38;2;33;22;14;48;2;16;6;1m𜵰[38;2;51;41;39;48;2;29;12;13m🬋[38;2;64;53;51;48;2;25;10;8m𜹄[38;2;40;23;17;48;2;45;36;38m𜴐[38;2;63;48;45;48;2;38;23;17m𜺽[38;2;45;32;29;48;2;39;25;21m𜷒[38;2;14;4;1;48;2;32;19;12m𜴃[0m
[38;2;90;44;29;48;2;100;52;38m🬂[38;2;60;32;19;48;2;92;54;38m🭕[38;2;32;13;5;48;2;44;19;9m🭜[38;2;41;20;8;48;2;42;21;10m🭧[48;2;64;41;30m [38;2;76;39;29;48;2;92;51;34m🭠[38;2;58;29;19;48;2;97;50;33m🭓[38;2;99;47;33;48;2;50;20;6m▁[38;2;94;52;34;48;2;60;25;8m𜺗[38;2;95;51;34;48;2;77;46;33m🬎[38;2;137;86;61;48;2;84;51;35m▀[38;2;92;51;38;48;2;84;46;38m▬[38;2;57;54;56;48;2;59;46;34m🭕[38;2;47;51;56;48;2;23;26;25m🭫[38;2;33;26;21;48;2;61;61;61m▃[38;2;50;44;47;48;2;50;47;51m𜶠[38;2;58;46;52;48;2;51;38;32m🬎[38;2;51;42;38;48;2;58;46;52m𜺢[38;2;71;58;62;48;2;57;42;39m𜴗[38;2;69;52;58;48;2;77;63;67m𜶟[38;2;81;61;59;48;2;65;50;52m🬍[38;2;90;72;69;48;2;79;57;58m𜴳[38;2;72;51;52;48;2;90;64;67m𜶬[38;2;77;50;56;48;2;91;62;66m𜶭[38;2;56;42;36;48;2;87;58;67m▂[38;2;92;62;72;48;2;74;46;56m𜴳[38;2;104;87;98;48;2;67;40;50m𜶜[38;2;113;88;91;48;2;66;38;50m𜶜[38;2;112;80;91;48;2;64;32;46m▅[38;2;116;86;93;48;2;76;40;58m▅[38;2;111;85;91;48;2;90;51;69m▅[38;2;114;83;93;48;2;87;50;67m▆[38;2;140;113;120;48;2;98;56;74m▆[38;2;148;126;134;48;2;106;63;79m▅[38;2;113;87;95;48;2;119;69;87m▆[38;2;145;142;154;48;2;81;51;67m𜴧[38;2;136;113;131;48;2;152;136;152m𜶷[38;2;163;136;148;48;2;107;76;88m𜴯[38;2;139;122;134;48;2;86;56;65m𜴯[38;2;132;107;121;48;2;85;53;69m𜴳[38;2;161;159;170;48;2;112;84;93m🬋[38;2;113;105;113;48;2;59;52;52m🭞[38;2;127;129;135;48;2;84;83;90m𜴆[38;2;134;134;144;48;2;52;59;54m▀[38;2;88;91;87;48;2;137;144;148m🭆[38;2;80;94;90;48;2;101;120;120m🭆[38;2;44;53;52;48;2;113;115;109m▅[38;2;71;72;66;48;2;38;39;34m🬂[38;2;71;88;92;48;2;46;58;60m𜴭[38;2;61;65;66;48;2;45;41;42m🬆[38;2;21;19;22;48;2;46;51;53m▆[38;2;27;26;22;48;2;39;44;46m◘[38;2;27;23;24;48;2;44;45;42m𜵙[38;2;35;32;29;48;2;26;23;22m🭃[38;2;28;24;22;48;2;38;33;38m𜷘[38;2;38;33;30;48;2;22;18;18m𜴃[38;2;53;51;45;48;2;26;23;22m𜵵[38;2;54;48;34;48;2;86;86;74m▆[38;2;41;28;18;48;2;52;48;38m▂[38;2;59;62;52;48;2;33;30;18m🬎[38;2;44;44;33;48;2;29;27;14m𜴑[38;2;42;44;38;48;2;30;30;22m🬂[38;2;33;23;15;48;2;36;38;28m◩[38;2;44;45;42;48;2;26;21;11m𜵩[38;2;29;26;20;48;2;44;50;45m𜵦[38;2;29;30;25;48;2;34;40;36m🬍[38;2;10;6;6;48;2;19;15;12m𜰜[38;2;26;22;19;48;2;8;5;3m🬺[38;2;9;3;2;48;2;18;12;10m𜴶[38;2;51;40;38;48;2;29;28;24m𜵵[38;2;47;42;38;48;2;32;27;23m𜲎[38;2;15;6;2;48;2;33;22;17m𜹁[38;2;41;30;25;48;2;33;22;15m𜴉[38;2;24;16;9;48;2;11;2;0m𜴗[38;2;30;18;12;48;2;13;3;0m𜵷[38;2;34;19;11;48;2;11;1;0m𜹓[38;2;23;12;3;48;2;18;5;2m▁[38;2;20;5;4;48;2;11;0;0m⠁[38;2;23;9;6;48;2;18;3;2m◞[38;2;23;9;4;48;2;10;1;2m▁[48;2;12;2;2m [38;2;21;6;8;48;2;6;0;0m⡀[38;2;23;9;4;48;2;9;0;0m𜺀[38;2;8;0;0;48;2;23;8;4m🭞[38;2;21;7;6;48;2;13;2;4m╥[38;2;26;11;3;48;2;14;2;2m▁[38;2;18;5;6;48;2;10;0;1m𜺙[38;2;19;8;3;48;2;11;2;2m𜴱[38;2;24;10;5;48;2;18;8;2m𜺛[38;2;7;0;0;48;2;24;9;6m𜶹[38;2;18;8;3;48;2;13;3;2m𜴪[38;2;10;5;0;48;2;18;10;7m𜵄[38;2;15;8;7;48;2;11;4;6m●[38;2;7;1;1;48;2;17;9;9m𜶺[38;2;26;21;23;48;2;3;0;2m◣[38;2;15;10;10;48;2;6;3;2m𜴧[38;2;15;10;6;48;2;6;0;2m𜺂[38;2;6;2;2;48;2;20;16;11m🬍[38;2;3;0;2;48;2;14;8;10m𜶟[38;2;12;8;9;48;2;0;0;0m𜺛[38;2;12;9;10;48;2;3;0;0m🭑[38;2;14;8;6;48;2;14;12;9m𜴬[38;2;13;6;5;48;2;17;9;10m𜴨[38;2;14;7;9;48;2;11;3;3m▀[38;2;2;0;0;48;2;15;8;7m𜶃[38;2;20;7;3;48;2;46;38;35m𜶺[38;2;10;1;0;48;2;29;18;12m𜸠[38;2;13;9;7;48;2;10;2;2m▀[38;2;34;25;26;48;2;15;7;5m▀[38;2;13;11;14;48;2;0;0;0m𜳍[38;2;5;0;0;48;2;19;18;23m🬒[38;2;14;5;3;48;2;22;14;17m🬰[38;2;18;13;14;48;2;10;3;2m▀[38;2;13;6;5;48;2;22;17;20m𜴉[38;2;33;19;20;48;2;46;34;34m🬹[38;2;48;38;39;48;2;35;26;24m𜲿[38;2;61;51;51;48;2;18;8;6m𜸟[38;2;35;27;23;48;2;45;33;27m🬚[38;2;65;61;58;48;2;29;18;11m𜵪[38;2;60;44;39;48;2;33;19;14m🬚[0m
[38;2;29;10;1;48;2;91;50;30m𜺢[38;2;104;54;30;48;2;93;46;25m𜶘[38;2;100;58;38;48;2;88;48;33m🭛[38;2;22;4;2;48;2;47;23;18m▗[38;2;48;26;14;48;2;18;5;2m🭧[38;2;30;9;3;48;2;87;46;30m▃[38;2;98;44;30;48;2;93;42;28m🭧[38;2;106;57;40;48;2;87;62;48m🭓[38;2;100;58;41;48;2;73;38;26m▌[38;2;36;15;8;48;2;59;29;24m🭧[38;2;29;13;5;48;2;54;32;18m🭚[38;2;92;56;40;48;2;57;33;19m𜺟[38;2;38;23;13;48;2;56;36;23m🭥[38;2;24;22;18;48;2;60;33;22m🭓[38;2;13;6;1;48;2;27;18;10m𜺘[38;2;17;9;2;48;2;26;18;9m𜹉[38;2;14;5;0;48;2;33;21;14m▁[38;2;18;9;0;48;2;38;22;8m𜺠[38;2;16;6;0;48;2;39;23;10m🬼[38;2;21;7;0;48;2;35;20;6m𜺜[38;2;45;33;18;48;2;34;23;9m𜴦[38;2;50;36;21;48;2;44;28;14m🭜[38;2;45;27;15;48;2;52;35;21m▇[38;2;20;5;0;48;2;45;27;13m𜶀[38;2;45;27;15;48;2;18;4;0m🭓[38;2;50;36;22;48;2;42;27;16m𜹂[38;2;44;25;16;48;2;53;39;29m▆[38;2;44;23;12;48;2;79;60;50m▅[38;2;40;27;19;48;2;69;65;60m▅[38;2;58;44;38;48;2;44;24;15m𜹀[38;2;59;44;38;48;2;45;26;17m🬍[38;2;56;40;33m🬎[38;2;60;42;33;48;2;33;18;10m🬌[38;2;36;28;20;48;2;60;48;42m▃[38;2;70;64;58;48;2;33;21;14m▀[38;2;48;44;41;48;2;23;17;15m🭜[38;2;32;26;26;48;2;67;64;59m▇[38;2;44;38;33;48;2;34;29;24m🭕[38;2;27;20;18;48;2;78;73;63m▆[38;2;47;44;40;48;2;20;13;8m𜴳[38;2;42;38;32;48;2;29;23;20m🬂[38;2;56;46;38;48;2;28;20;13m𜹓[38;2;44;38;33;48;2;18;12;5m🬊[38;2;51;47;44;48;2;22;19;14m🭜[38;2;63;65;53;48;2;33;30;24m𜺬[38;2;30;29;18;48;2;56;59;50m▅[38;2;46;44;32;48;2;33;29;19m𜴟[38;2;35;30;25;48;2;34;27;24m𜵣[38;2;53;53;44;48;2;29;23;17m🬂[38;2;44;36;24;48;2;29;24;14m▬[38;2;42;32;26;48;2;34;28;23m𜴵[38;2;9;4;0;48;2;33;24;16m▂[38;2;40;33;19;48;2;33;27;15m𜹒[38;2;39;33;21;48;2;29;24;13m◩[38;2;40;38;30;48;2;29;24;19m┼[38;2;48;39;25;48;2;32;22;17m𜷹[38;2;51;44;34;48;2;25;19;11m𜴥[38;2;28;20;13;48;2;53;51;33m◚[38;2;39;35;25;48;2;32;23;13m🬩[38;2;39;33;25;48;2;35;28;17m𜵩[38;2;36;29;26;48;2;22;18;14m🬄[38;2;4;0;0;48;2;20;16;14m⡔[38;2;45;40;36;48;2;26;21;11m🭘[38;2;38;32;26;48;2;32;26;16m⠊[38;2;9;4;1;48;2;34;29;24m╼[38;2;51;44;36;48;2;28;22;14m🬀[38;2;13;6;2;48;2;18;12;6m╏[38;2;51;42;38;48;2;18;11;9m𜹏[38;2;41;27;21;48;2;26;19;17m𜹇[38;2;16;5;2;48;2;22;11;6m𜸵[38;2;34;19;14;48;2;8;0;0m▇[38;2;19;7;0;48;2;23;9;5m⢠[38;2;29;16;6;48;2;13;2;0m𜴂[38;2;14;2;1;48;2;22;6;4m🭞[38;2;18;5;1;48;2;23;9;8m𜴵[38;2;9;0;0;48;2;26;13;4m𜸯[38;2;17;5;0;48;2;29;14;9m𜴪[38;2;30;15;6;48;2;18;5;0m𜷏[38;2;20;6;3;48;2;6;0;0m🬻[38;2;16;3;0;48;2;23;8;3m▗[38;2;33;18;9;48;2;12;1;1m𜲾[38;2;20;6;4;48;2;18;5;5m𜵭[38;2;41;22;6;48;2;25;10;6m𜺟[38;2;15;2;0;48;2;30;14;5m◖[38;2;17;4;3;48;2;26;14;10m𜹆[38;2;15;6;1;48;2;38;22;12m𜹇[38;2;18;5;2;48;2;23;12;8m🬄[38;2;2;0;0;48;2;29;19;14m🬍[38;2;11;4;2;48;2;15;8;7m▬[38;2;61;51;44;48;2;23;12;10m𜴽[38;2;53;44;39;48;2;33;24;23m𜵴[38;2;14;6;5;48;2;53;44;38m𜶜[38;2;17;7;3;48;2;17;12;12m▴[38;2;16;5;3;48;2;29;25;20m🬭[38;2;14;8;6;48;2;19;11;10m𜲡[38;2;9;3;4;48;2;33;25;23m🬯[38;2;27;23;20;48;2;9;5;5m■[38;2;33;25;23;48;2;5;0;0m𜴧[38;2;11;6;5;48;2;20;15;17m𜶝[38;2;41;36;40;48;2;7;1;2m𜴇[38;2;23;17;15;48;2;1;0;0m𜴧[38;2;35;28;26;48;2;6;0;1m■[38;2;13;3;2;48;2;28;15;11m𜴣[38;2;26;23;23;48;2;40;27;24m🬎[38;2;18;6;3;48;2;41;32;29m𜶜[38;2;5;0;0;48;2;20;17;14m🬙[38;2;44;33;29;48;2;10;0;2m𜴧[38;2;12;9;5;48;2;23;19;16m🬌[38;2;14;6;4;48;2;35;29;23m𜸟[38;2;16;6;6;48;2;27;17;18m◖[38;2;12;2;1;48;2;19;9;9m𜴧[38;2;18;5;1;48;2;38;28;20m𜹜[38;2;14;4;3;48;2;29;26;18m◖[38;2;9;0;0;48;2;29;21;15m𜸛[38;2;65;50;54;48;2;29;29;27m╺[38;2;22;10;10;48;2;44;29;27m🬮[38;2;25;14;11;48;2;70;51;44m𜷛[38;2;63;52;42;48;2;38;24;15m𜷒[38;2;60;44;29;48;2;33;26;24m🭞[38;2;36;27;25;48;2;48;38;33m𜵭[0m
[38;2;38;14;5;48;2;41;18;8m𜺐[38;2;84;53;44;48;2;63;35;27m𜴈[38;2;50;26;18;48;2;85;52;44m▂[38;2;44;20;16;48;2;50;23;18m𜴅[38;2;15;3;3;48;2;22;6;4m🭭[38;2;44;26;20m🭢[38;2;48;29;23;48;2;38;22;15m🬎[38;2;74;50;41;48;2;45;26;17m▀[38;2;41;23;12;48;2;84;51;44m▖[38;2;62;34;26;48;2;92;54;38m🭞[38;2;40;19;9;48;2;51;26;12m🭇[38;2;66;40;22;48;2;45;24;14m▀[38;2;83;50;38;48;2;40;23;15m▀[38;2;97;64;51;48;2;67;38;27m🭋[38;2;45;27;15;48;2;95;65;51m🬊[38;2;10;2;0;48;2;24;14;8m𜴡[38;2;11;2;0;48;2;24;14;7m𜴛[38;2;10;3;0;48;2;18;8;4m🭧[38;2;13;2;0;48;2;22;9;4m▙[38;2;17;4;2;48;2;22;9;2m𜺢[38;2;29;15;4;48;2;20;8;0m🭟[38;2;17;7;0;48;2;25;14;6m🬿[38;2;18;5;0;48;2;29;15;5m◥[38;2;19;6;2;48;2;27;14;3m🭢[38;2;12;1;0;48;2;23;11;4m𜺩[38;2;18;8;0;48;2;30;18;10m𜸽[38;2;20;8;0;48;2;23;11;3m┚[38;2;17;7;2;48;2;30;16;3m𜸚[38;2;16;7;0;48;2;34;19;6m🬃[38;2;28;14;3;48;2;16;5;0m𜴅[38;2;18;5;1;48;2;30;15;6m𜺤[38;2;35;21;10;48;2;11;4;2m𜵰[38;2;12;5;2;48;2;35;21;9m🬏[48;2;23;15;9m [38;2;15;8;1;48;2;33;23;16m𜷛[38;2;13;6;1;48;2;23;15;8m▖[38;2;7;2;0;48;2;29;24;11m𜷋[38;2;13;8;2;48;2;18;11;8m𜷛[38;2;22;14;10;48;2;14;7;2m🭧[38;2;14;7;2;48;2;30;23;15m𜺘[38;2;46;39;32;48;2;29;23;16m𜹏[38;2;13;7;1;48;2;21;15;9m𜺢[38;2;15;10;3;48;2;35;29;22m▁[38;2;34;29;27;48;2;30;23;21m𜺭[38;2;35;30;28;48;2;28;22;15m🭜[38;2;11;5;1;48;2;29;22;18m⣂[38;2;14;7;4;48;2;38;29;20m𜲇[38;2;10;6;0;48;2;23;18;6m╗[38;2;25;20;9;48;2;4;1;0m🬶[38;2;16;9;3;48;2;29;21;17m🬂[38;2;18;10;6;48;2;6;1;0m𜵯[38;2;13;8;2;48;2;23;17;12m╶[38;2;18;15;10;48;2;9;3;0m🭝[38;2;39;32;20;48;2;32;23;19m⠤[38;2;35;28;18;48;2;14;8;2m🭂[38;2;15;9;2;48;2;34;27;18m𜰱[38;2;48;42;27;48;2;26;19;10m𜺓[48;2;38;33;15m [38;2;12;6;0;48;2;18;14;5m𜸱[38;2;10;6;0;48;2;33;27;14m𜰾[38;2;41;33;23;48;2;20;13;9m🭈[38;2;11;6;0;48;2;34;26;18m◭[38;2;14;5;3;48;2;18;10;3m⢤[38;2;38;29;27;48;2;36;26;21m🬂[38;2;17;6;1;48;2;18;8;3m𜵔[38;2;19;6;2;48;2;22;9;2m𜴘[38;2;61;44;33;48;2;10;2;0m𜴂[38;2;18;9;9;48;2;5;0;0m🬠[38;2;13;1;0;48;2;26;12;7m𜺒[38;2;15;3;0;48;2;33;19;9m𜸟[38;2;19;9;2;48;2;18;6;2m🭟[38;2;26;10;9;48;2;14;2;0m𜱠[38;2;25;10;8;48;2;16;2;3m𜸯[38;2;21;6;3;48;2;19;6;0m𜴴[38;2;23;10;0;48;2;21;3;0m🭝[38;2;16;3;0;48;2;40;23;8m🬃[38;2;24;9;2;48;2;59;29;19m▀[38;2;22;9;0;48;2;16;3;0m▚[38;2;13;1;0;48;2;24;8;5m𜴪[38;2;52;30;18;48;2;23;8;3m𜺡[38;2;3;0;0;48;2;30;14;14m🬯[38;2;9;0;0;48;2;23;10;5m𜵱[38;2;11;1;0;48;2;29;12;5m𜺢[38;2;38;22;10;48;2;39;29;25m𜶣[38;2;9;1;0;48;2;26;17;15m𜶾[38;2;24;13;10;48;2;14;5;2m𜴳[38;2;19;10;9;48;2;14;9;3m𜶞[38;2;42;28;22;48;2;15;6;2m𜴋[38;2;41;24;21;48;2;14;1;0m🬸[38;2;12;3;0;48;2;29;19;10m◚[38;2;50;35;34;48;2;27;13;7m🭑[38;2;14;8;3;48;2;35;28;25m𜴆[38;2;14;6;5;48;2;33;24;23m◚[38;2;10;5;3;48;2;33;27;27m𜴔[38;2;8;2;2;48;2;22;12;14m🬋[38;2;8;2;1;48;2;25;18;16m◤[38;2;15;5;2;48;2;40;33;29m𜶜[38;2;10;4;3;48;2;46;39;33m𜴲[38;2;24;16;14;48;2;14;6;7m▀[38;2;47;38;33;48;2;14;6;5m▀[38;2;6;0;0;48;2;39;30;32m𜶼[38;2;9;3;4;48;2;27;25;28m𜴸[38;2;23;13;13;48;2;10;3;5m𜴧[38;2;23;9;4;48;2;6;0;0m🬰[38;2;14;5;3;48;2;56;41;38m🬋[38;2;18;5;2;48;2;33;25;23m𜲤[38;2;14;7;6;48;2;29;25;22m𜶮[38;2;20;6;5;48;2;10;1;1m𜴭[38;2;16;2;2;48;2;24;10;6m𜵁[38;2;15;7;5;48;2;23;10;5m𜶸[38;2;15;2;1;48;2;35;20;14m𜴀[38;2;11;1;1;48;2;21;9;6m𜶳[38;2;27;16;11;48;2;15;6;2m𜴬[38;2;14;5;4;48;2;23;12;11m𜺩[38;2;26;13;13;48;2;70;53;46m𜷝[38;2;30;22;14;48;2;66;51;45m𜵡[38;2;39;26;18;48;2;66;52;44m𜴳[38;2;73;61;54;48;2;39;29;19m𜴨[38;2;25;19;6;48;2;42;34;32m𜵪[38;2;61;50;47;48;2;51;45;42m𜴚[0m
[38;2;44;19;12;48;2;78;39;28m𜺗[38;2;34;14;5;48;2;51;24;17m🭒[38;2;48;27;18;48;2;33;14;6m🬁[38;2;51;29;19;48;2;53;27;18m𜺩[38;2;92;51;38;48;2;58;29;20m🭑[38;2;44;23;14;48;2;60;32;22m🭧[38;2;14;2;0;48;2;52;29;18m▀[38;2;14;2;1;48;2;25;11;6m🭚[38;2;60;38;25;48;2;35;19;11m𜴡[38;2;86;57;41;48;2;72;47;32m▀[38;2;88;52;38;48;2;52;29;20m▋[38;2;93;60;56;48;2;36;20;12m▂[38;2;64;38;25;48;2;23;15;9m▂[38;2;44;25;14;48;2;67;39;33m▃[38;2;94;61;46;48;2;45;23;17m▀[38;2;60;42;35;48;2;83;56;44m▃[38;2;69;44;38;48;2;23;9;4m🭑[38;2;12;1;0;48;2;41;25;17m🬀[38;2;15;5;0;48;2;32;17;10m▀[38;2;16;5;3;48;2;18;7;5m𜶋[38;2;12;0;0;48;2;29;14;9m🬓[38;2;10;0;0;48;2;24;8;5m𜵝[38;2;28;14;9;48;2;19;6;2m𜵁[38;2;22;8;2;48;2;17;4;0m🬥[38;2;29;14;7;48;2;15;2;0m🬶[38;2;22;7;3;48;2;9;0;0m▆[38;2;18;8;2;48;2;21;10;4m𜴤[48;2;20;9;3m𜴕[38;2;22;9;2;48;2;20;7;1m■[38;2;21;8;3;48;2;10;0;0m𜹔[38;2;19;9;2;48;2;18;6;2m𜶪[38;2;15;5;0;48;2;24;13;6m𜴪[38;2;6;0;0;48;2;21;14;7m▘[38;2;14;6;0;48;2;38;32;18m𜵸[38;2;12;3;0;48;2;27;16;10m🬀[38;2;16;9;1;48;2;22;11;5m𜺗[38;2;22;14;4;48;2;11;5;0m𜶮[38;2;14;6;2;48;2;20;13;3m▆[38;2;19;12;9;48;2;16;8;4m𜴶[38;2;16;6;1;48;2;18;9;3m𜵄[38;2;14;7;2;48;2;17;9;3m𜴳[38;2;20;14;6;48;2;14;6;1m𜴲[38;2;14;4;1;48;2;18;12;5m▂[38;2;14;9;3;48;2;34;27;18m𜺫[38;2;16;10;5;48;2;9;4;0m🬻[38;2;19;11;10;48;2;13;6;3m𜶪[38;2;14;8;1;48;2;25;17;15m⠤[38;2;12;6;3;48;2;17;10;5m𜹂[38;2;18;11;3;48;2;13;6;1m𜶪[38;2;15;8;2;48;2;17;10;2m𜴽[38;2;12;5;0;48;2;36;27;18m𜵭[38;2;17;10;5;48;2;15;8;2m🭞[38;2;15;9;3;48;2;17;10;6m🬰[38;2;17;10;5;48;2;15;6;1m▊[38;2;22;11;6;48;2;14;5;0m◛[48;2;14;6;0m𜶥[38;2;13;5;2;48;2;25;16;3m𜱮[38;2;14;8;0;48;2;18;9;3m⡀[38;2;40;32;23;48;2;17;10;2m⠂[38;2;20;12;4;48;2;19;2;0m🭞[38;2;35;29;15;48;2;16;3;0m▀[38;2;29;19;10;48;2;10;0;0m🭚[38;2;20;7;3;48;2;15;3;0m𜺬[38;2;24;10;6;48;2;11;1;0m🭙[38;2;22;7;5;48;2;17;3;0m𜸱[38;2;17;3;2;48;2;23;8;4m▇[38;2;22;6;7;48;2;12;0;0m⠠[38;2;10;0;0;48;2;21;6;2m𜴝[38;2;14;2;0;48;2;28;12;2m𜶦[38;2;15;8;2;48;2;30;16;10m𜵯[38;2;9;0;0;48;2;21;10;10m▀[38;2;38;25;18;48;2;73;46;39m🭕[38;2;13;0;0;48;2;41;29;15m▀[38;2;15;2;0;48;2;51;23;9m𜴒[38;2;13;1;0;48;2;38;23;13m𜵡[38;2;19;2;2;48;2;18;3;8m🬅[38;2;56;24;12;48;2;30;17;6m𜵷[38;2;3;0;0;48;2;33;18;10m🭫[38;2;18;5;1;48;2;23;9;6m𜴏[38;2;47;26;14;48;2;18;4;0m𜴌[38;2;18;5;3;48;2;34;19;11m𜰇[38;2;16;4;0;48;2;33;23;18m𜸟[38;2;52;39;33;48;2;21;12;8m𜶞[38;2;65;46;42;48;2;38;25;18m🬞[38;2;38;29;22;48;2;35;22;16m🬯[38;2;50;42;34;48;2;23;15;10m𜴾[38;2;10;1;1;48;2;45;32;30m𜵣[38;2;6;0;0;48;2;22;14;13m𜶮[38;2;12;5;4;48;2;32;20;15m🬰[38;2;26;14;8;48;2;9;2;0m𜶦[38;2;14;2;0;48;2;26;10;4m𜵸[38;2;50;38;36;48;2;20;5;2m■[38;2;45;40;36;48;2;13;3;1m𜴧[38;2;36;29;24;48;2;21;6;5m▬[38;2;22;9;9;48;2;17;6;5m𜶥[38;2;15;3;1;48;2;22;10;6m🬇[38;2;54;46;44;48;2;15;9;3m▃[38;2;9;2;2;48;2;28;18;18m𜴧[38;2;12;6;6;48;2;29;20;19m𜵡[38;2;57;38;34;48;2;27;15;15m𜴿[38;2;13;5;5;48;2;34;27;24m𜵡[38;2;13;6;5;48;2;42;33;33m🭑[38;2;57;47;48;48;2;25;14;13m𜺩[38;2;52;38;33;48;2;6;0;0m𜴳[38;2;41;29;29;48;2;28;15;11m𜲡[38;2;12;9;5;48;2;20;16;11m𜸥[38;2;13;6;9;48;2;28;18;23m𜲥[38;2;11;4;1;48;2;14;6;9m▅[38;2;24;20;18;48;2;14;9;4m𜶔[38;2;39;29;23;48;2;28;13;13m𜲤[38;2;9;0;0;48;2;28;27;25m𜴧[48;2;32;25;20m𜴧[38;2;9;1;0;48;2;29;21;20m𜴉[38;2;18;8;2;48;2;33;25;23m𜺽[38;2;18;7;2m𜴉[38;2;74;69;76;48;2;29;27;21m🬏[38;2;65;54;56;48;2;27;22;10m■[38;2;33;21;14;48;2;61;46;45m𜷠[38;2;35;22;19;48;2;40;39;38m𜺽[38;2;41;32;23;48;2;26;19;18m▅[0m
[48;2;81;48;38m [38;2;93;51;39;48;2;78;45;35m▗[48;2;56;29;21m [38;2;52;27;16;48;2;45;24;15m🬂[38;2;73;42;27;48;2;41;20;9m🬂[38;2;69;41;29;48;2;65;39;33m🭕[38;2;94;60;50;48;2;84;52;40m𜺔[38;2;45;23;17;48;2;51;29;18m🭖[38;2;13;2;2;48;2;19;8;5m🬆[38;2;60;38;27;48;2;24;10;5m🭥[38;2;42;22;11;48;2;70;44;34m▖[38;2;87;54;38;48;2;98;63;54m𜸤[38;2;81;51;36;48;2;106;73;54m🭦[38;2;44;25;19;48;2;67;33;25m🭕[38;2;14;5;1;48;2;26;14;9m🬋[38;2;14;2;2;48;2;34;21;18m𜶜[38;2;18;5;3;48;2;44;24;20m𜵅[38;2;46;29;20;48;2;32;18;14m🭄[38;2;72;47;39;48;2;40;23;10m🭞[38;2;32;16;7;48;2;51;28;23m🭞[38;2;74;50;44;48;2;29;14;9m▃[38;2;15;2;0;48;2;24;10;3m𜴱[38;2;35;20;14;48;2;9;0;0m𜴄[38;2;23;9;4;48;2;14;2;0m𜱶[38;2;33;18;10;48;2;11;0;0m𜺡[38;2;23;9;3;48;2;18;4;1m𜵉[38;2;25;12;3;48;2;14;2;0m🭧[38;2;23;12;3;48;2;18;6;1m𜴮[38;2;27;13;7;48;2;18;7;2m𜶨[38;2;22;7;3;48;2;9;0;0m🬚[38;2;26;10;6;48;2;16;3;1m▃[38;2;15;5;0;48;2;20;9;1m𜸞[38;2;16;5;0;48;2;24;11;3m🬣[38;2;27;16;5;48;2;14;2;0m🭓[38;2;40;23;5;48;2;27;15;7m𜺟[48;2;42;29;14m𜺢[38;2;34;24;10;48;2;14;6;0m▇[38;2;27;17;8;48;2;10;2;0m𜴫[38;2;19;9;3;48;2;18;8;1m𜴬[38;2;20;10;3;48;2;18;9;1m🬡[38;2;22;12;4;48;2;14;3;0m🭭[38;2;23;10;10m𜹲[38;2;17;6;3;48;2;25;14;8m🬮[38;2;17;7;2;48;2;24;17;6m𜶤[38;2;16;7;0;48;2;21;10;5m𜹉[38;2;20;10;2;48;2;14;5;0m▇[38;2;19;10;2m𜴵[38;2;14;6;1;48;2;18;11;2m𜺓[38;2;10;3;0;48;2;25;15;6m🭧[38;2;18;6;0;48;2;21;11;2m🬹[38;2;18;5;0;48;2;27;17;8m🬚[38;2;19;5;1;48;2;26;15;4m𜰅[38;2;18;7;3;48;2;29;17;9m𜴸[38;2;16;5;5;48;2;18;9;5m𜵺[38;2;14;2;4;48;2;25;14;9m🬮[38;2;21;11;3;48;2;20;2;0m🭜[38;2;20;2;0;48;2;25;11;6m🬃[38;2;15;3;0;48;2;38;23;10m╏[38;2;20;9;3;48;2;9;1;0m𜶭[38;2;23;8;3;48;2;15;3;0m𜺟[38;2;20;6;2;48;2;20;6;4m▬[38;2;22;9;2;48;2;19;6;3m▅[38;2;27;13;7;48;2;13;0;0m●[38;2;22;9;2;48;2;15;5;3m𜸤[38;2;15;2;0;48;2;26;7;5m🬆[38;2;20;3;1;48;2;23;4;3m🭘[38;2;23;5;2;48;2;22;5;0m🬆[38;2;44;23;5;48;2;18;2;0m🬊[38;2;53;23;9;48;2;30;12;0m🬨[38;2;56;30;14;48;2;27;9;0m𜷝[38;2;56;29;10;48;2;28;12;2m🬭[38;2;11;0;0;48;2;34;14;5m𜲒[38;2;21;6;12;48;2;63;44;29m𜴝[38;2;45;24;14;48;2;51;28;14m𜴲[38;2;46;26;12;48;2;28;15;10m▂[38;2;88;52;41;48;2;28;9;5m🬀[38;2;77;48;35;48;2;24;9;6m𜺭[38;2;76;44;27;48;2;21;6;2m𜶠[38;2;70;51;33;48;2;19;9;9m🭑[38;2;30;18;15;48;2;67;47;33m▀[38;2;44;22;17;48;2;56;29;23m𜴌[38;2;78;46;38;48;2;38;22;18m🭚[38;2;29;18;17;48;2;9;0;0m▇[38;2;58;44;42;48;2;29;10;5m🬃[38;2;40;19;9;48;2;56;36;23m🬎[38;2;46;25;14;48;2;46;26;12m🬎[38;2;41;24;13;48;2;18;6;0m𜴌[38;2;32;23;15;48;2;17;6;1m🬒[38;2;13;3;3;48;2;38;24;18m𜴧[38;2;42;33;24;48;2;36;29;21m𜶵[38;2;16;4;0;48;2;44;30;23m𜲠[38;2;15;5;3;48;2;38;24;20m𜵳[38;2;13;5;3;48;2;36;27;17m𜶮[38;2;19;9;8;48;2;62;46;44m🬴[38;2;51;36;35;48;2;8;0;0m𜴫[38;2;28;21;19;48;2;16;5;2m𜲶[38;2;19;10;8;48;2;14;6;5m𜶝[38;2;13;3;5;48;2;30;21;19m◓[38;2;12;5;3;48;2;35;22;18m𜴧[38;2;32;23;28;48;2;79;70;67m𜴵[38;2;15;7;3;48;2;18;9;12m𜴧[38;2;6;1;0;48;2;29;25;30m𜴉[38;2;16;8;4;48;2;65;53;51m▅[38;2;9;2;3;48;2;32;26;29m🬒[38;2;54;45;48;48;2;6;0;0m▬[38;2;16;8;5;48;2;8;2;1m𜶟[38;2;11;3;3;48;2;27;25;15m🬋[38;2;14;4;0;48;2;29;26;23m▬[38;2;15;7;6;48;2;33;29;29m▅[38;2;13;5;2;48;2;29;20;17m𜵻[38;2;21;9;6;48;2;13;3;2m𜴪[38;2;17;9;3;48;2;11;6;1m𜶞[38;2;29;19;14;48;2;14;6;2m𜶟[38;2;13;5;3;48;2;29;21;13m◚[38;2;72;53;45;48;2;30;18;11m𜹇[38;2;21;5;2;48;2;34;22;14m𜳆[38;2;58;40;33;48;2;23;9;4m𜺗[38;2;39;28;18;48;2;85;65;57m𜴧[38;2;85;86;70;48;2;33;23;15m🬮[38;2;60;44;41;48;2;47;30;22m𜱴[0m
[38;2;50;23;10;48;2;46;28;15m𜶺[38;2;39;15;7;48;2;73;41;30m▁[38;2;45;23;13;48;2;92;47;35m🬼[38;2;40;16;8;48;2;57;27;18m𜶘[48;2;28;11;4m [38;2;44;26;18;48;2;19;6;2m▀[38;2;44;21;13;48;2;16;3;1m🭕[38;2;45;20;11;48;2;45;20;13m🭖[38;2;46;28;22;48;2;76;51;42m🭧[38;2;38;21;15;48;2;42;18;9m🭜[38;2;51;28;16;48;2;26;9;2m𜴵[38;2;20;6;1;48;2;76;45;32m▃[38;2;42;24;13;48;2;83;48;29m▅[38;2;65;39;35;48;2;44;25;16m▀[38;2;61;36;33;48;2;62;41;40m🬕[38;2;69;47;48;48;2;41;24;24m𜲡[38;2;26;14;10;48;2;63;44;39m🭧[38;2;59;40;38;48;2;26;15;9m▂[38;2;13;2;0;48;2;25;11;5m🬃[38;2;42;28;22;48;2;39;26;18m🭧[38;2;42;25;17;48;2;72;47;41m▅[38;2;42;23;18;48;2;62;38;33m𜴈[38;2;35;18;12;48;2;54;34;28m𜴂[38;2;56;33;23;48;2;10;0;0m▆[38;2;23;9;6;48;2;48;26;14m𜴲[38;2;22;8;2;48;2;41;27;21m🭝[38;2;45;29;23;48;2;15;3;0m▃[38;2;14;2;0;48;2;56;40;35m𜴴[38;2;50;30;25;48;2;17;5;0m▂[38;2;10;0;0;48;2;20;7;2m𜷂[38;2;23;8;3;48;2;20;5;1m🬎[38;2;23;11;5;48;2;17;6;1m𜵤[38;2;29;15;8;48;2;19;6;2m𜵪[38;2;22;9;3;48;2;20;5;2m𜷇[38;2;27;12;9;48;2;15;2;0m𜺺[38;2;23;5;2;48;2;22;5;0m𜷧[38;2;22;8;1;48;2;18;6;0m𜴇[38;2;21;8;3;48;2;15;3;0m▁[38;2;13;1;0;48;2;20;6;3m▀[38;2;18;6;2;48;2;19;8;3m🬡[38;2;14;5;0;48;2;19;9;3m𜵀[38;2;16;6;1;48;2;19;9;2m▗[38;2;14;5;0m𜱈[38;2;22;10;3;48;2;18;8;1m╾[38;2;19;6;2;48;2;21;9;5m🬋[38;2;127;101;72;48;2;20;6;0m▂[38;2;21;7;0;48;2;28;14;9m𜹨[38;2;22;9;2;48;2;20;7;1m🬺[38;2;32;18;8;48;2;17;5;0m𜹀[38;2;23;9;2;48;2;18;5;0m𜴆[38;2;26;11;3m𜴆[38;2;18;4;0;48;2;23;7;2m▅[38;2;22;7;0;48;2;20;5;0m𜹃[38;2;15;1;1;48;2;23;6;5m▊[38;2;23;7;5;48;2;15;2;0m🭒[38;2;32;14;9m𜴯[38;2;13;0;0;48;2;25;7;3m𜵎[38;2;11;0;0;48;2;33;16;9m▙[38;2;38;20;11;48;2;22;3;1m𜴦[38;2;21;6;2;48;2;10;0;0m🭑[38;2;6;0;0;48;2;29;21;14m𜵜[38;2;23;9;6;48;2;20;5;0m▆[38;2;29;13;3;48;2;14;0;2m🭑[38;2;16;0;0;48;2;23;5;2m𜹀[38;2;20;3;2;48;2;27;8;8m𜴤[38;2;20;5;5;48;2;20;5;2m▆[38;2;45;28;10;48;2;9;0;0m▃[38;2;10;0;0;48;2;61;41;25m🭓[38;2;19;3;0;48;2;22;10;6m🭑[38;2;16;6;2;48;2;29;14;7m𜺠[38;2;23;9;0;48;2;18;5;1m🭓[38;2;51;29;15;48;2;32;15;5m𜴛[38;2;61;36;14;48;2;22;3;0m🬂[38;2;24;6;3;48;2;51;28;9m▁[38;2;32;13;0;48;2;70;44;23m𜴧[38;2;81;61;46;48;2;66;40;22m▖[38;2;57;33;18;48;2;30;10;3m𜴲[38;2;57;35;18;48;2;26;8;0m𜴴[38;2;66;44;30;48;2;32;11;5m▆[38;2;24;4;0;48;2;62;39;20m▁[38;2;83;57;38;48;2;83;47;23m𜲤[38;2;30;19;13;48;2;66;51;29m𜴵[38;2;36;20;9;48;2;57;38;23m🭏[38;2;70;51;26;48;2;41;25;17m𜸟[38;2;24;9;2;48;2;61;44;28m🬙[38;2;66;52;44;48;2;44;20;4m🬋[38;2;32;15;5;48;2;90;51;25m▗[38;2;70;44;34;48;2;21;9;9m🬌[38;2;94;63;45;48;2;20;8;9m𜸟[38;2;94;72;65;48;2;23;7;3m■[38;2;14;2;0;48;2;38;25;18m𜸞[38;2;35;20;12;48;2;50;36;29m𜴳[38;2;38;21;19;48;2;51;33;29m𜴨[38;2;38;23;13;48;2;100;83;79m🬹[38;2;67;51;51;48;2;14;3;2m𜹀[38;2;14;6;4;48;2;19;9;8m𜶭[38;2;38;27;27;48;2;4;0;0m■[38;2;27;15;14;48;2;14;3;4m𜲡[38;2;12;6;5;48;2;16;12;10m𜴆[38;2;33;19;17;48;2;10;1;0m🬰[38;2;13;10;3;48;2;23;14;18m▀[38;2;9;3;3;48;2;30;22;14m■[38;2;12;5;4;48;2;25;22;23m𜸥[38;2;51;41;40;48;2;30;19;14m𜸿[38;2;5;0;0;48;2;27;20;18m🬯[38;2;21;12;10;48;2;16;6;4m𜴦[38;2;16;12;10;48;2;14;3;3m■[38;2;27;22;25;48;2;11;3;3m𜲡[38;2;14;7;6;48;2;21;14;14m𜹀[38;2;10;8;1;48;2;22;12;14m■[38;2;14;3;3;48;2;18;8;8m🬭[38;2;18;9;1;48;2;18;11;15m𜲤[38;2;38;29;21;48;2;8;2;5m𜸟[38;2;10;1;2;48;2;19;10;11m𜴸[38;2;16;2;1;48;2;20;5;6m𜺨[38;2;30;23;27;48;2;95;85;86m𜵫[38;2;36;24;17;48;2;63;46;47m🬚[38;2;36;23;16;48;2;64;62;50m𜴔[38;2;79;73;70;48;2;44;26;14m🭆[38;2;26;10;6;48;2;70;59;57m𜶒[0m
[38;2;50;23;16;48;2;35;14;6m▁[48;2;34;14;5m [38;2;44;18;10;48;2;38;18;8m𜹒[38;2;52;30;21;48;2;42;18;10m🬉[38;2;51;29;22;48;2;44;24;18m▘[38;2;15;4;4;48;2;24;10;7m🭥[38;2;6;0;1;48;2;23;9;7m🭓[38;2;16;2;1;48;2;23;5;2m𜴔[38;2;44;23;11;48;2;29;10;1m𜴡[38;2;54;32;18;48;2;40;26;20m🭠[38;2;53;33;23;48;2;41;23;18m▙[38;2;48;29;24;48;2;16;3;2m▅[38;2;21;9;7;48;2;15;7;3m🭑[38;2;14;4;2;48;2;22;11;6m🬌[38;2;29;16;10;48;2;16;5;1m𜷎[38;2;33;19;14;48;2;45;30;26m𜶩[38;2;39;25;19;48;2;60;45;45m▅[38;2;39;25;23;48;2;70;50;51m▆[38;2;60;39;38;48;2;39;23;17m𜺩[38;2;44;29;27;48;2;32;17;9m▅[38;2;44;29;25;48;2;19;8;3m🭑[38;2;34;21;15;48;2;46;38;30m𜶩[38;2;33;24;18;48;2;51;42;38m𜷗[38;2;61;40;32;48;2;69;47;36m▋[38;2;88;60;52;48;2;72;46;36m🭚[38;2;60;44;39;48;2;44;27;12m▀[38;2;34;22;14;48;2;66;51;48m▃[38;2;85;63;57;48;2;54;33;34m𜶨[38;2;51;29;22;48;2;88;66;62m🭧[38;2;48;30;20;48;2;40;22;13m𜴱[38;2;71;50;23;48;2;105;83;58m▇[38;2;81;51;33;48;2;35;10;3m𜵄[38;2;34;18;7;48;2;69;48;33m𜵅[38;2;113;85;69;48;2;29;13;6m𜴳[38;2;105;83;69;48;2;101;79;71m▀[38;2;53;25;20;48;2;94;72;64m▀[48;2;83;61;54m🭓[38;2;80;45;33;48;2;32;16;7m𜴳[38;2;106;76;51;48;2;33;13;9m𜶨[38;2;84;57;54;48;2;64;44;30m▂[38;2;84;51;33;48;2;95;58;42m𜴳[38;2;97;66;52;48;2;45;19;10m𜴥[38;2;72;52;38;48;2;148;114;95m▃[38;2;155;108;81;48;2;114;87;72m𜸥[38;2;69;44;27;48;2;106;64;44m▀[38;2;123;93;44;48;2;116;85;44m𜺪[38;2;91;54;32;48;2;47;23;4m🬿[38;2;23;3;1;48;2;22;6;3m▗[38;2;26;9;6;48;2;14;1;0m𜺔[38;2;21;5;5;48;2;19;4;3m╸[48;2;13;0;2m [48;2;11;0;1m [48;2;5;0;0m [38;2;27;10;5;48;2;20;5;3m🬁[38;2;26;10;3;48;2;19;5;2m🭕[38;2;16;2;0;48;2;27;11;2m🭥[38;2;14;1;0;48;2;25;9;3m𜴳[38;2;25;9;5;48;2;7;0;0m🬎[38;2;22;6;6;48;2;15;2;0m𜵥[38;2;32;17;9;48;2;18;3;4m╸[38;2;23;5;3;48;2;17;1;0m𜺪[38;2;22;5;1;48;2;27;9;2m▆[38;2;14;0;0;48;2;33;14;6m▙[38;2;29;10;2;48;2;17;3;0m▀[38;2;10;0;0;48;2;38;23;7m▂[38;2;32;13;3;48;2;54;38;18m▅[38;2;23;7;0;48;2;18;3;0m𜷌[38;2;54;35;8;48;2;46;25;14m𜶟[38;2;56;38;16;48;2;30;16;5m▃[38;2;33;18;19;48;2;42;23;8m𜴏[38;2;28;13;11;48;2;64;44;21m𜷚[38;2;34;18;12;48;2;6;0;0m▅[38;2;21;6;7m🭑[38;2;11;0;0;48;2;27;9;5m𜴨[38;2;22;4;2;48;2;23;6;0m🬋[38;2;66;48;20;48;2;17;1;0m🬂[38;2;5;0;0;48;2;39;22;9m▆[38;2;18;2;1;48;2;51;36;16m▅[38;2;10;0;0;48;2;23;8;2m𜶾[38;2;69;45;33;48;2;14;0;0m🬌[38;2;29;9;2;48;2;44;24;9m𜶺[38;2;42;18;6;48;2;23;3;0m𜶞[38;2;54;29;14;48;2;34;16;4m𜷛[38;2;16;2;0;48;2;44;27;15m𜴧[38;2;62;42;29;48;2;47;24;16m🬊[38;2;84;57;44;48;2;14;0;0m🬋[38;2;36;25;12;48;2;48;33;11m𜵟[38;2;97;65;44;48;2;42;25;17m𜶬[38;2;23;2;2;48;2;69;52;33m𜺡[38;2;62;44;44;48;2;34;18;14m𜴆[38;2;67;41;34;48;2;30;13;2m▅[38;2;18;4;0;48;2;70;51;36m𜴣[38;2;76;66;63;48;2;38;22;10m▃[38;2;15;3;0;48;2;71;56;44m𜶜[38;2;10;0;0;48;2;23;10;9m𜶬[38;2;99;86;81;48;2;22;8;5m𜴈[38;2;15;9;7;48;2;64;56;52m𜶞[38;2;0;0;0;48;2;19;15;13m𜶶[38;2;40;29;35;48;2;7;3;0m■[38;2;52;38;38;48;2;17;7;3m■[38;2;25;20;20;48;2;14;4;3m■[38;2;46;38;38;48;2;12;5;5m🬋[38;2;21;16;18;48;2;13;6;6m𜶜[38;2;16;9;10;48;2;3;0;0m𜷆[38;2;14;6;5;48;2;14;14;10m▬[38;2;19;4;1;48;2;23;18;16m𜰨[38;2;8;5;6;48;2;22;18;16m𜴋[38;2;6;0;0;48;2;14;10;7m𜶮[38;2;27;22;22;48;2;9;0;0m🬋[38;2;27;11;9;48;2;6;0;0m𜴪[38;2;10;3;1;48;2;32;29;19m▁[38;2;34;24;23;48;2;14;6;6m🬰[38;2;10;4;3;48;2;34;25;23m▬[38;2;10;5;1;48;2;32;28;25m𜴧[38;2;62;59;53;48;2;34;28;23m𜶮[38;2;36;32;26;48;2;32;18;13m🬡[38;2;45;42;35;48;2;33;24;17m𜵤[38;2;36;27;26;48;2;33;21;16m𜴧[38;2;53;39;30;48;2;28;19;11m🬋[38;2;62;56;41;48;2;52;44;34m𜴂[0m
[38;2;46;25;16;48;2;51;25;18m▅[38;2;50;22;15;48;2;45;20;13m𜺐[38;2;19;6;3;48;2;23;10;5m◥[38;2;17;6;4;48;2;23;11;9m▇[38;2;15;5;0;48;2;26;12;5m🬼[48;2;40;23;15m [38;2;45;25;23;48;2;24;10;3m▃[38;2;30;11;6;48;2;48;25;17m🭕[38;2;17;6;5;48;2;38;18;9m𜺗[38;2;15;4;4;48;2;23;10;6m𜺢[38;2;42;26;20;48;2;47;33;26m▆[38;2;39;21;15;48;2;60;42;35m𜵭[38;2;32;19;10;48;2;46;28;22m𜺘[38;2;84;53;46;48;2;47;24;16m▀[38;2;80;53;50;48;2;40;23;20m🭜[38;2;44;25;19;48;2;62;42;35m🬔[38;2;62;42;38;48;2;29;14;9m🬹[38;2;36;18;19;48;2;44;24;26m𜴢[38;2;42;25;22;48;2;38;22;20m▃[38;2;29;18;14;48;2;42;25;22m🬎[38;2;42;29;29;48;2;23;13;9m🭤[38;2;58;42;45;48;2;38;24;22m▀[38;2;51;35;36;48;2;29;17;17m🬬[38;2;50;29;24;48;2;70;44;40m▀[38;2;63;50;33;48;2;47;35;16m🬋[38;2;58;47;38;48;2;38;23;9m🬩[38;2;56;46;41;48;2;21;8;2m▅[38;2;32;14;6;48;2;46;32;25m𜶚[38;2;79;67;66;48;2;33;25;21m🭧[38;2;119;87;79;48;2;61;44;28m🭕[38;2;109;73;62;48;2;64;42;23m🭞[38;2;92;71;60;48;2;58;39;28m▀[38;2;78;56;46;48;2;53;29;21m🬪[38;2;74;62;69;48;2;40;18;9m▃[38;2;29;13;6;48;2;46;32;27m𜶩[38;2;76;63;70;48;2;27;18;16m🬂[38;2;71;61;51;48;2;94;81;86m🭑[38;2;67;51;51;48;2;52;34;30m🭏[38;2;25;10;2;48;2;65;44;44m🭕[38;2;25;25;25;48;2;80;51;39m▊[38;2;97;65;53;48;2;69;39;20m🬎[38;2;113;56;24;48;2;88;42;19m𜵴[38;2;93;51;25;48;2;47;23;6m▃[38;2;73;44;28;48;2;100;58;32m🬬[38;2;151;104;52;48;2;121;79;41m𜴅[38;2;90;48;21;48;2;137;83;40m🬵[38;2;42;19;14;48;2;78;52;38m𜴱[38;2;22;3;1;48;2;34;10;8m🭣[38;2;25;9;5;48;2;15;0;0m𜲦[48;2;10;0;0m [48;2;5;0;0m [48;2;9;0;2m [38;2;21;5;6;48;2;6;0;0m𜺞[38;2;21;5;3;48;2;13;1;3m▁[38;2;12;0;2;48;2;33;12;9m▉[38;2;39;14;4;48;2;30;11;6m𜹘[38;2;18;3;0;48;2;36;16;5m𜰡[38;2;14;1;1;48;2;28;12;8m🬨[38;2;25;7;3;48;2;18;3;2m𜴡[38;2;23;7;4;48;2;18;5;2m𜶍[38;2;11;0;0;48;2;23;5;2m𜴅[38;2;38;20;14;48;2;3;0;0m𜺳 [48;2;10;0;0m [48;2;9;0;0m [38;2;23;3;5;48;2;18;1;2m⠩[38;2;22;3;6;48;2;15;0;0m⠁[38;2;25;3;5;48;2;20;2;2m𜺪[38;2;40;17;7;48;2;24;4;0m🬁[38;2;58;33;14;48;2;22;3;0m🭧[38;2;36;18;4;48;2;18;2;0m🭓[38;2;29;14;7;48;2;65;47;32m𜷂[38;2;70;50;35;48;2;27;14;5m🬩[38;2;76;51;38;48;2;23;9;4m▆[38;2;64;41;29;48;2;29;14;3m▅[38;2;65;38;20;48;2;27;12;5m▃[38;2;59;39;33;48;2;40;23;19m🬐[38;2;5;0;0;48;2;30;14;7m🭭[38;2;57;41;36;48;2;35;18;10m►[38;2;34;14;3;48;2;50;33;25m🭟[38;2;65;46;36;48;2;25;9;5m🬭[38;2;51;33;24;48;2;21;8;3m𜸟[38;2;62;44;32;48;2;22;6;1m𜸟[38;2;48;33;21;48;2;33;13;7m◛[38;2;14;1;0;48;2;41;25;12m𜱭[38;2;62;42;28;48;2;40;22;13m𜳆[38;2;62;44;29;48;2;23;9;5m🬋[38;2;60;45;36;48;2;29;13;3m◣[38;2;44;23;13;48;2;45;33;18m🬌[38;2;54;45;40;48;2;15;4;4m🬋[38;2;67;52;41;48;2;29;8;2m𜸟[38;2;52;41;38;48;2;47;21;5m𜶠[38;2;14;4;0;48;2;50;39;30m𜴫[38;2;35;24;14;48;2;42;32;26m𜴫[38;2;70;57;57;48;2;38;23;10m🭜[38;2;44;32;21;48;2;32;16;7m𜲡[38;2;70;52;38;48;2;27;18;18m◛[38;2;11;2;0;48;2;22;15;14m▬[38;2;7;2;2;48;2;29;23;25m𜺪[38;2;18;10;6;48;2;39;32;22m𜴪[38;2;13;4;0;48;2;17;9;6m🬭[38;2;5;0;1;48;2;25;18;17m𜴪[38;2;6;0;1;48;2;23;15;16m𜷎[38;2;18;10;9;48;2;9;0;0m𜴯[38;2;17;9;8;48;2;10;3;1m𜶞[38;2;33;33;33;48;2;14;7;4m𜵡[38;2;33;21;16;48;2;14;6;3m𜷝[38;2;5;0;0;48;2;33;21;16m▬[38;2;11;5;4;48;2;20;14;12m╾[38;2;9;3;0;48;2;27;21;16m𜴩[38;2;9;2;0;48;2;18;10;7m𜶝[38;2;6;0;0;48;2;21;12;8m🬰[38;2;16;5;2;48;2;19;10;10m🬑[38;2;19;8;11;48;2;12;3;0m■[38;2;44;33;34;48;2;21;13;6m𜴧[38;2;71;64;66;48;2;20;6;5m▸[38;2;39;29;23;48;2;25;11;6m𜴯[38;2;45;32;29;48;2;28;15;10m𜴃[38;2;14;4;0;48;2;27;15;13m𜴛[38;2;18;7;2;48;2;28;15;11m⠠[0m
[38;2;23;9;4;48;2;11;2;2m𜺭[38;2;30;14;7;48;2;14;3;3m𜴴[38;2;44;19;14;48;2;19;6;1m𜶪[48;2;29;12;7m [38;2;19;9;3;48;2;47;28;18m𜴵[38;2;44;27;23;48;2;26;12;6m🭢[38;2;41;23;20;48;2;51;32;28m𜺥[38;2;86;59;54;48;2;71;41;40m◢[38;2;72;52;48;48;2;90;62;58m▂[38;2;40;19;14;48;2;64;39;39m🬂[38;2;65;40;38;48;2;45;23;21m🬩[38;2;50;26;24;48;2;59;44;41m🬀[38;2;67;48;44;48;2;60;38;33m▋[38;2;62;42;38;48;2;51;30;26m▅[38;2;41;28;25;48;2;63;44;42m𜴥[38;2;54;44;44;48;2;48;35;29m𜴯[38;2;47;33;29;48;2;59;46;46m𜵀[38;2;45;28;26;48;2;59;42;42m𜷤[38;2;62;47;46;48;2;79;64;56m🬛[38;2;62;46;41;48;2;40;23;22m▅[38;2;79;61;62;48;2;42;25;23m𜴧[38;2;69;44;39;48;2;42;25;22m🭑[38;2;45;28;26;48;2;60;40;46m🬎[38;2;62;42;36;48;2;71;51;36m▍[38;2;99;57;51;48;2;61;38;26m𜷋[38;2;29;14;5;48;2;40;28;21m𜴇[38;2;60;46;40;48;2;42;26;20m🭧[38;2;80;67;65;48;2;38;25;18m🬎[38;2;93;61;46;48;2;54;30;20m𜴳[38;2;97;63;46;48;2;66;38;23m𜴫[38;2;53;38;23;48;2;44;27;14m𜴍[38;2;39;23;13;48;2;39;29;33m🭞[38;2;53;29;24;48;2;26;14;10m𜺢[38;2;42;28;12;48;2;77;61;60m▅[38;2;33;24;23;48;2;88;73;64m▅[38;2;74;60;67;48;2;66;53;53m𜲡[38;2;28;19;12;48;2;66;46;40m▀[38;2;15;8;6;48;2;61;51;42m𜶩[38;2;30;25;27;48;2;65;56;46m▅[38;2;66;45;36;48;2;24;20;26m🭕[38;2;80;59;51;48;2;69;46;29m🭏[38;2;53;33;23;48;2;65;38;16m▖[38;2;81;57;42;48;2;86;51;26m𜺢[38;2;38;25;11;48;2;81;51;38m𜴉[38;2;85;46;17;48;2;95;57;29m▂[38;2;87;46;19;48;2;113;63;38m▃[38;2;45;28;18;48;2;81;46;26m▁[38;2;32;17;4;48;2;44;24;9m𜴗[38;2;25;10;2;48;2;52;32;17m🬨[38;2;24;5;3;48;2;9;0;0m𜺘[48;2;10;0;0m [38;2;20;5;6;48;2;7;0;1m𜺗[38;2;23;6;6;48;2;9;0;0m𜺓[38;2;21;5;5;48;2;18;3;3m𜺓[38;2;23;5;4;48;2;18;3;2m𜸬[38;2;23;6;1;48;2;20;3;2m🭒[38;2;23;8;7;48;2;14;0;1m𜴎[38;2;17;0;0;48;2;29;14;0m▅[38;2;18;1;3;48;2;26;9;6m🭜[38;2;6;0;0;48;2;26;9;7m𜲡[38;2;26;5;0;48;2;12;0;0m🭜[38;2;22;5;0;48;2;28;11;6m𜵁[38;2;25;10;7;48;2;12;0;2m𜺘[48;2;2;0;0m [48;2;9;0;1m [48;2;7;0;1m [48;2;11;0;2m [48;2;14;1;2m [48;2;14;0;1m [38;2;25;9;8;48;2;9;0;0m𜺕[48;2;16;0;0m [38;2;6;0;0;48;2;22;6;7m▇[38;2;66;44;23;48;2;20;3;0m🬊[38;2;20;0;2;48;2;39;18;6m▃[38;2;33;13;6;48;2;71;45;21m▂[38;2;32;10;1;48;2;85;50;27m╺[38;2;30;14;5;48;2;78;50;34m◛[38;2;120;99;70;48;2;59;32;15m▂[38;2;74;51;39;48;2;33;15;7m𜷡[38;2;29;10;5;48;2;62;39;27m𜴅[38;2;40;23;15;48;2;65;40;29m𜴝[38;2;35;15;3;48;2;76;51;42m🬋[38;2;39;23;10;48;2;72;53;46m🬹[38;2;57;42;32;48;2;30;16;9m🬌[38;2;79;60;52;48;2;27;10;5m𜺽[38;2;14;2;0;48;2;44;29;15m▬[38;2;16;7;0;48;2;40;25;12m🬭[38;2;32;19;18;48;2;15;3;2m𜴫[38;2;23;6;0;48;2;12;0;0m𜷆[38;2;15;5;0;48;2;38;22;14m🭑[38;2;14;2;0;48;2;24;9;5m𜶴[38;2;35;16;8;48;2;19;4;1m𜷣[38;2;44;27;17;48;2;13;4;0m𜵁[38;2;39;23;15;48;2;100;88;77m▆[38;2;77;62;44;48;2;28;19;12m𜴆[38;2;42;28;23;48;2;27;10;6m𜷩[38;2;19;2;0;48;2;48;36;25m🬰[38;2;36;29;24;48;2;22;7;3m🬃[38;2;40;27;26;48;2;15;2;0m𜱵[38;2;24;9;6;48;2;10;0;0m𜶟[38;2;51;39;26;48;2;15;6;1m𜴌[38;2;40;29;15;48;2;14;5;0m🬸[38;2;10;1;0;48;2;23;20;13m▬[38;2;10;3;3;48;2;26;18;14m▬[38;2;16;8;4;48;2;17;9;6m𜲥[38;2;7;0;0;48;2;16;7;7m🬮[38;2;10;3;3;48;2;28;24;25m🬰[38;2;28;17;12;48;2;7;1;0m𜸟[38;2;27;18;16;48;2;15;7;5m▆[38;2;13;5;4;48;2;18;10;6m𜴿[38;2;6;0;0;48;2;16;9;8m𜴆[38;2;9;2;0;48;2;29;21;17m𜸥[38;2;29;21;17;48;2;10;3;2m𜶸[38;2;54;46;44;48;2;30;25;25m𜺡[38;2;51;40;32;48;2;22;12;14m𜶳[38;2;50;30;27;48;2;23;7;5m𜴿[38;2;44;32;26;48;2;35;20;14m𜺁[38;2;18;8;2;48;2;23;11;9m▬[38;2;48;34;33;48;2;35;26;25m𜰨[38;2;48;38;33;48;2;29;19;14m𜰤[0m
[48;2;2;0;1m [38;2;18;7;4;48;2;3;0;2m🭇[38;2;24;12;9;48;2;5;0;0m🭆[38;2;27;13;8;48;2;47;26;17m▘[38;2;70;48;38;48;2;54;34;26m▗[38;2;79;53;39;48;2;45;28;19m🬹[38;2;74;50;44;48;2;46;28;22m▅[38;2;33;23;22;48;2;56;39;40m𜶐[38;2;53;38;38;48;2;32;22;20m🬂[38;2;59;44;36;48;2;35;25;23m🭓[38;2;44;29;26;48;2;62;45;46m▙[38;2;84;65;69;48;2;63;38;33m🭓[38;2;70;57;61;48;2;88;76;80m🬂[38;2;48;42;46;48;2;58;44;42m🬦[38;2;46;40;44;48;2;65;52;54m🬃[38;2;58;44;42;48;2;77;63;63m🭜[38;2;63;48;47;48;2;79;63;60m𜴛[38;2;52;38;34;48;2;67;52;52m⠤[38;2;58;44;35;48;2;76;59;53m𜺡[38;2;60;41;38;48;2;66;51;44m𜶮[38;2;65;47;40;48;2;53;33;28m🬚[38;2;39;22;18;48;2;60;39;29m🬇[38;2;94;63;56;48;2;53;34;30m🭥[38;2;74;50;33;48;2;108;74;62m▃[38;2;83;46;32;48;2;51;29;19m🭠[38;2;40;24;16;48;2;59;38;33m▁[38;2;79;59;59;48;2;51;33;29m■[38;2;29;13;6;48;2;71;50;40m▀[38;2;67;41;36;48;2;88;62;56m🭠[38;2;62;32;24;48;2;92;59;51m🭓[38;2;46;30;18;48;2;23;10;1m𜸢[38;2;33;23;20;48;2;12;6;2m▀[38;2;11;6;2;48;2;33;19;15m▖[38;2;62;46;44;48;2;29;18;12m𜲠[38;2;44;29;24;48;2;23;12;6m🭑[38;2;11;5;0;48;2;33;24;17m▼[38;2;29;17;16;48;2;40;26;29m𜶠[38;2;70;52;53;48;2;14;5;5m▀[38;2;56;44;44;48;2;45;33;24m𜺯[38;2;33;22;17;48;2;64;48;45m🭧[38;2;33;26;24;48;2;15;7;5m🬒[38;2;19;6;3;48;2;32;22;20m𜲥[38;2;81;59;51;48;2;70;51;35m🬎[38;2;94;66;53;48;2;78;50;34m𜴳[38;2;101;61;38;48;2;65;33;10m🬋[38;2;36;17;7;48;2;64;28;9m𜺭[38;2;38;22;14;48;2;51;33;29m𜴴[38;2;20;6;2;48;2;42;24;13m𜴧[38;2;73;45;29;48;2;34;18;10m▀[38;2;21;3;1;48;2;28;5;2m𜴦[38;2;23;5;3;48;2;5;0;0m𜺳[48;2;9;0;0m [48;2;8;0;0m [48;2;3;0;0m [48;2;10;0;1m [38;2;19;5;6;48;2;18;2;3m⠈[38;2;27;5;3;48;2;10;0;0m𜷲[38;2;36;14;9m𜺜[38;2;15;2;2;48;2;38;20;14m▎[38;2;20;6;0;48;2;23;6;3m🬗[38;2;17;3;3;48;2;24;7;9m𜶢[38;2;23;5;1;48;2;8;0;0m𜶹[38;2;20;6;4;48;2;21;5;2m𜺛[38;2;47;33;14;48;2;23;12;6m𜺛[38;2;21;10;4;48;2;15;5;3m▇[38;2;24;10;4;48;2;7;0;0m▬[38;2;12;3;3;48;2;23;9;7m🭕[38;2;24;11;1;48;2;4;0;0m▁[38;2;19;8;6;48;2;3;0;0m⢀[38;2;18;10;9;48;2;5;0;2m⡀[48;2;4;0;1m [48;2;8;0;2m [48;2;9;0;0m [48;2;13;0;0m [38;2;21;6;7;48;2;12;0;0m𜸣[38;2;38;13;10;48;2;19;1;2m🬁[38;2;40;17;5;48;2;18;1;0m🭧[38;2;21;5;2;48;2;69;50;28m▃[38;2;71;51;35;48;2;19;6;0m🬌[38;2;33;17;5;48;2;50;28;16m𜴶[38;2;23;9;0;48;2;69;44;30m𜸟[38;2;76;45;32;48;2;88;67;52m🬎[38;2;46;25;14;48;2;83;59;41m🬩[38;2;33;18;7;48;2;58;35;23m▃[38;2;88;58;38;48;2;79;47;32m🬋[38;2;18;5;0;48;2;59;38;17m▀[38;2;19;5;1;48;2;41;23;11m𜴜[38;2;44;27;15;48;2;51;38;27m▆[38;2;29;18;11;48;2;4;0;0m𜷞[38;2;14;5;1;48;2;25;11;6m🬌[38;2;16;5;2;48;2;28;16;8m𜴧[38;2;30;18;12;48;2;3;0;0m🬋[38;2;23;10;11;48;2;9;0;0m🭑[38;2;21;10;8;48;2;18;6;3m🬞[38;2;16;6;2;48;2;32;20;13m𜴜[38;2;39;14;11;48;2;17;2;0m▀[38;2;51;33;23;48;2;29;18;10m𜺑[38;2;16;6;0;48;2;33;23;20m▅[38;2;15;7;3;48;2;19;10;8m𜶀[38;2;17;7;2;48;2;38;23;19m◛[38;2;13;6;3;48;2;18;8;6m𜲤[38;2;3;0;0;48;2;29;22;20m𜴲[38;2;9;3;0;48;2;19;10;10m🬰[38;2;24;13;6;48;2;10;1;0m𜴪[38;2;29;19;18;48;2;10;3;2m𜴋[38;2;36;29;26;48;2;29;24;22m𜱉[38;2;13;3;2;48;2;34;24;23m𜸟[38;2;12;6;3;48;2;24;18;16m𜴫[38;2;63;48;45;48;2;38;24;20m𜵱[38;2;51;38;30;48;2;21;9;5m𜹀[38;2;51;44;33;48;2;29;20;13m𜺔[38;2;12;8;10;48;2;12;5;1m◂[38;2;14;9;3;48;2;18;7;4m𜴼[38;2;33;28;29;48;2;20;7;3m𜺛[38;2;17;7;3;48;2;33;21;12m𜴈[38;2;24;15;14;48;2;15;5;3m🬹[38;2;21;12;10;48;2;18;4;5m🬻[38;2;25;16;14;48;2;15;5;3m🬹[38;2;23;12;6;48;2;17;5;5m🬯[38;2;51;38;30;48;2;29;18;9m◗[0m
[38;2;46;23;20;48;2;20;5;4m▁[38;2;51;27;23;48;2;20;5;5m▁[38;2;56;32;21;48;2;54;35;29m🭜[38;2;59;42;45;48;2;61;40;32m𜲤[38;2;38;23;19;48;2;60;40;34m▁[38;2;44;24;20;48;2;57;36;29m𜴆[38;2;57;33;28;48;2;63;44;38m▀[38;2;56;36;30;48;2;62;44;41m𜴦[38;2;52;33;28;48;2;30;18;16m▃[38;2;28;16;14;48;2;44;26;24m𜶫[38;2;15;7;5;48;2;38;21;15m▗[38;2;50;30;24;48;2;38;25;20m🭧[38;2;36;28;23;48;2;81;64;59m▅[38;2;54;44;41;48;2;34;26;22m▀[38;2;52;44;41;48;2;36;26;24m🬂[38;2;64;58;62;48;2;52;38;34m🭕[38;2;86;57;56;48;2;109;98;99m▅[38;2;90;71;71;48;2;74;61;61m𜴂[38;2;53;41;45;48;2;77;61;58m𜺤[38;2;76;64;62;48;2;59;44;44m◝[48;2;67;53;47m [38;2;63;47;44;48;2;57;38;36m▇[38;2;60;45;44;48;2;47;33;29m▖[38;2;47;30;22;48;2;53;44;45m𜴗[38;2;51;33;20;48;2;63;47;40m🬨[38;2;38;25;16;48;2;44;28;19m🭥[38;2;60;45;42;48;2;29;18;13m▃[38;2;63;40;28;48;2;44;29;22m𜷜[38;2;70;50;35;48;2;64;40;34m𜷡[38;2;67;44;30;48;2;109;77;64m🭏[38;2;100;69;61;48;2;60;39;33m🬌[38;2;57;47;42;48;2;22;10;5m🬋[38;2;57;42;39;48;2;19;9;4m🬋[38;2;58;44;40;48;2;29;18;10m▃[38;2;20;12;5;48;2;42;29;23m🬪[38;2;40;28;20;48;2;73;59;51m▆[38;2;59;40;30;48;2;44;26;18m𜹀[38;2;60;44;39;48;2;29;15;8m𜴧[38;2;41;33;19;48;2;19;9;3m𜶞[38;2;60;52;34;48;2;38;29;17m𜴅[38;2;35;23;15;48;2;85;69;54m▅[38;2;65;46;42;48;2;41;23;15m𜴴[38;2;47;29;19;48;2;38;25;24m🬎[38;2;46;28;15;48;2;38;23;14m▙[38;2;10;5;2;48;2;50;28;18m🬎[38;2;19;6;2;48;2;33;22;10m𜶜[38;2;54;41;35;48;2;33;27;22m🭨[38;2;38;23;24;48;2;53;40;32m𜴣[38;2;20;8;0;48;2;39;26;17m𜲾[38;2;41;29;21;48;2;46;28;14m🬏[38;2;27;10;10;48;2;18;3;0m𜺤[48;2;9;0;0m [48;2;15;1;5m [48;2;0;0;0m [48;2;5;0;1m [48;2;12;0;2m [48;2;6;0;0m [38;2;28;10;7;48;2;18;1;0m🬀[38;2;18;3;7;48;2;21;8;3m𜵦[38;2;33;18;12;48;2;14;2;0m𜹂[38;2;22;7;3;48;2;19;6;3m𜺤[38;2;29;17;11;48;2;15;3;3m𜺚[38;2;29;13;3;48;2;18;5;1m𜶩[38;2;18;4;1;48;2;26;13;4m🭕[38;2;25;14;5;48;2;18;8;0m𜶢[38;2;12;1;0;48;2;29;15;6m𜸟[38;2;18;9;0;48;2;24;10;0m⢌[38;2;21;9;0;48;2;20;7;1m𜶟[38;2;17;4;4;48;2;23;11;5m𜴏[38;2;8;0;0;48;2;25;15;5m𜴦[38;2;20;12;5;48;2;0;0;0m𜱶[38;2;23;9;6m𜺜[48;2;3;0;1m [48;2;6;0;1m [48;2;3;0;0m  [48;2;10;0;2m [48;2;10;0;1m [48;2;13;0;1m [48;2;3;0;0m [38;2;44;22;10;48;2;11;0;0m🬁[38;2;60;34;15;48;2;17;0;0m🭕[38;2;65;44;22;48;2;44;23;12m🬆[38;2;40;21;8;48;2;61;41;27m🭑[38;2;44;25;16;48;2;52;34;17m𜴸[38;2;69;47;36;48;2;41;20;14m▆[38;2;84;59;47;48;2;24;10;4m🭑[38;2;35;21;10;48;2;57;38;23m𜴴[38;2;36;23;17;48;2;95;80;61m𜴩[38;2;44;26;23;48;2;11;1;0m■[38;2;16;2;3;48;2;29;10;5m◥[38;2;17;3;2;48;2;39;25;19m▬[38;2;5;0;0;48;2;19;9;4m𜶃[38;2;25;11;6;48;2;10;0;0m◆[38;2;21;9;7;48;2;16;6;2m𜴧[38;2;19;8;6;48;2;11;2;0m🬑[38;2;14;6;3;48;2;34;19;11m🬋[38;2;9;1;0;48;2;34;19;5m𜶦[38;2;10;3;0;48;2;16;8;6m𜵆[38;2;29;17;10;48;2;14;5;0m𜴵[38;2;23;11;5;48;2;14;6;4m𜴨[38;2;16;9;7;48;2;12;5;3m𜶟[38;2;5;0;0;48;2;25;17;15m▬[38;2;17;7;2;48;2;18;7;6m🭑[38;2;13;1;4;48;2;16;7;9m🬭[38;2;5;0;0;48;2;16;9;7m🬡[38;2;6;0;0;48;2;27;16;11m𜵸[38;2;10;1;1;48;2;32;18;8m▂[38;2;28;16;9;48;2;13;5;3m𜷣[38;2;40;29;24;48;2;38;29;21m𜵲[38;2;40;33;28;48;2;34;22;14m🬭[38;2;18;5;4;48;2;30;18;11m𜱬[38;2;18;6;3;48;2;32;27;24m◂[38;2;62;46;41;48;2;27;18;17m𜷋[38;2;46;33;29;48;2;38;27;23m𜴇[38;2;20;9;4;48;2;11;2;0m𜳇[38;2;23;9;5;48;2;14;4;1m🭮[38;2;20;6;4;48;2;18;5;1m𜺛[38;2;11;0;0;48;2;20;7;3m▊[38;2;46;35;32;48;2;29;14;9m𜴘[0m
[38;2;69;39;35;48;2;92;53;44m🬂[38;2;143;97;83;48;2;94;59;53m𜴧[38;2;95;53;45;48;2;144;95;73m𜴳[38;2;72;41;33;48;2;94;57;47m𜴣[38;2;56;28;18;48;2;48;29;23m▋[38;2;40;26;22;48;2;69;47;40m▃[38;2;38;23;16;48;2;80;51;44m▃[38;2;69;40;33;48;2;70;44;40m🬄[38;2;76;52;50;48;2;58;35;38m𜴗[38;2;40;23;22;48;2;59;38;39m𜰤[38;2;30;17;17;48;2;65;40;38m▀[38;2;53;34;29;48;2;18;8;3m▃[38;2;15;5;2;48;2;23;15;9m𜶜[38;2;10;3;2;48;2;39;27;22m▖[38;2;40;27;24;48;2;26;15;9m▃[38;2;36;27;26;48;2;28;18;14m𜸫[38;2;54;48;52;48;2;51;40;39m𜴅[38;2;65;57;71;48;2;73;62;63m🬕[38;2;63;51;58;48;2;98;86;85m▀[38;2;59;52;57;48;2;83;63;56m▀[38;2;77;66;57;48;2;61;51;48m🬹[38;2;81;70;60;48;2;63;53;46m𜲡[38;2;52;42;33;48;2;60;46;40m🬀[38;2;51;41;42;48;2;73;64;62m▂[38;2;79;70;67;48;2;64;59;56m𜷞[38;2;81;63;63;48;2;60;47;47m🭄[48;2;79;60;52m🬪[38;2;69;48;41;48;2;59;38;32m🭏[38;2;38;24;18;48;2;44;28;22m𜴇[38;2;44;26;18;48;2;50;40;33m▀[38;2;34;24;19;48;2;51;33;27m🬋[38;2;41;30;25;48;2;32;20;13m▂[38;2;41;29;22;48;2;28;19;10m𜺠[38;2;33;24;20;48;2;46;36;34m▇[38;2;58;44;36;48;2;32;21;10m▀[38;2;79;64;56;48;2;38;25;12m▀[38;2;72;56;48;48;2;54;41;33m𜲡[38;2;23;14;4;48;2;44;29;18m🭧[38;2;20;12;5;48;2;51;34;23m🬺[38;2;71;51;35;48;2;105;73;54m▆[38;2;36;17;6;48;2;85;52;34m▃[38;2;74;51;33;48;2;64;44;34m🬬[38;2;21;10;4;48;2;52;33;23m▀[38;2;18;9;1;48;2;33;23;11m𜺯[38;2;51;34;18;48;2;44;26;14m𜺭[38;2;51;36;18;48;2;40;29;10m𜶠[38;2;19;9;1;48;2;44;23;9m▀[38;2;47;27;13;48;2;48;34;24m▙[38;2;14;7;6;48;2;26;12;7m▗[38;2;36;25;12;48;2;14;4;0m🬥[38;2;13;5;2;48;2;18;9;3m🭜[38;2;23;9;6;48;2;4;0;0m𜴔[48;2;13;1;1m [48;2;0;0;0m [48;2;0;0;1m [38;2;19;7;7;48;2;6;0;0m𜺑[48;2;11;0;2m [48;2;10;0;1m [38;2;25;7;3;48;2;15;1;4m𜴡[38;2;14;1;0;48;2;27;9;5m𜰝[38;2;28;11;6;48;2;16;2;2m🭇[38;2;16;6;1;48;2;24;9;5m𜺛[38;2;25;11;5;48;2;9;0;0m🬤[38;2;18;5;1;48;2;32;18;3m𜺢[38;2;29;15;8;48;2;17;6;2m𜺭[38;2;18;5;1;48;2;24;10;2m𜸿[38;2;39;25;9;48;2;60;47;23m𜶪[38;2;18;4;0;48;2;26;11;2m𜺜[38;2;16;2;0;48;2;29;10;7m𜸝[38;2;35;23;2;48;2;22;7;0m▚[38;2;44;26;14;48;2;56;34;19m𜴪[38;2;48;28;14;48;2;24;9;2m𜲡[38;2;27;16;4;48;2;10;2;0m▋[38;2;10;0;6;48;2;26;13;4m𜴦[38;2;23;10;5;48;2;5;0;0m𜲾[38;2;21;9;6m𜸢[38;2;20;6;5;48;2;3;0;0m𜹔[48;2;9;0;3m [48;2;5;0;0m [48;2;14;1;3m [48;2;13;0;3m [48;2;10;0;0m [38;2;24;5;4;48;2;13;0;0m𜺓[38;2;27;9;1;48;2;11;0;0m🬂[38;2;14;2;0;48;2;38;19;10m𜸯[38;2;48;23;8;48;2;23;7;1m▀[38;2;24;6;0;48;2;64;41;22m𜺡[38;2;81;57;33;48;2;57;29;17m■[38;2;94;74;44;48;2;44;18;5m𜶃[38;2;69;47;24;48;2;92;71;50m𜴳[38;2;58;41;18;48;2;21;7;1m𜴧[38;2;83;67;47;48;2;28;13;5m𜶀[38;2;91;72;58;48;2;41;26;14m▃[38;2;40;25;14;48;2;58;44;34m𜵭[38;2;10;0;1;48;2;39;25;23m𜵳[38;2;12;5;3;48;2;36;23;14m🬂[38;2;24;10;7;48;2;9;1;1m▗[38;2;18;8;4;48;2;12;2;2m𜶟[38;2;9;0;0;48;2;23;13;6m▬[38;2;53;35;24;48;2;36;24;18m𜺢[38;2;10;2;2;48;2;19;9;8m🬯[38;2;21;6;3;48;2;6;0;0m𜴳[38;2;14;2;1;48;2;26;14;12m𜵿[38;2;40;29;24;48;2;28;17;10m𜺽[38;2;11;1;0;48;2;26;14;10m𜸟[38;2;16;6;1;48;2;41;28;18m◥[38;2;14;4;2;48;2;35;28;25m𜴉[38;2;66;54;51;48;2;19;8;5m𜴃[38;2;10;1;0;48;2;24;13;10m𜵲[38;2;20;10;6;48;2;9;1;0m𜴱[38;2;47;42;39;48;2;29;18;10m𜺘[38;2;53;45;42;48;2;30;22;12m𜸥[38;2;72;62;63;48;2;21;10;5m▾[38;2;17;6;4;48;2;40;24;18m▂[38;2;13;3;3;48;2;29;16;14m🭥[38;2;21;11;11;48;2;9;1;0m𜱮[38;2;7;0;0;48;2;18;7;5m🭫[38;2;14;3;3;48;2;21;7;6m🭜[38;2;11;0;0m🬂[38;2;36;24;18;48;2;41;32;23m▆[0m
[38;2;100;70;69;48;2;83;56;51m▌[38;2;48;29;28;48;2;83;59;53m𜶜[38;2;129;93;69;48;2;51;33;32m▀[38;2;127;85;73;48;2;62;40;35m▀[38;2;64;38;33;48;2;85;48;44m🭑[38;2;48;21;14;48;2;98;61;50m🭜[38;2;77;47;38;48;2;97;62;51m🬧[38;2;29;14;9;48;2;62;38;33m▀[38;2;41;21;12;48;2;51;28;21m𜴀[38;2;51;33;30;48;2;41;24;16m🭠[38;2;59;35;28;48;2;42;23;14m𜴲[38;2;65;44;40;48;2;56;34;29m𜴧[38;2;36;23;20;48;2;46;30;32m▀[38;2;18;9;5;48;2;39;30;23m🭕[38;2;17;6;2;48;2;29;20;18m𜶜[38;2;34;22;21;48;2;16;8;4m🬨[38;2;46;29;23;48;2;32;19;9m🭢[38;2;53;48;45;48;2;33;24;16m🬂[38;2;85;74;66;48;2;58;44;29m🭕[38;2;54;44;35;48;2;94;71;63m▁[38;2;86;71;64;48;2;65;51;45m𜴉[38;2;57;48;46;48;2;73;62;63m🬴[38;2;72;65;65;48;2;62;58;54m🬌[38;2;80;65;56;48;2;51;44;41m▃[38;2;72;61;59;48;2;38;28;24m𜺢[38;2;54;44;42;48;2;63;53;46m▅[38;2;48;38;35;48;2;59;47;44m🭠[38;2;72;67;58;48;2;62;54;48m𜵩[38;2;78;73;63;48;2;57;42;39m𜴫[38;2;62;51;44;48;2;54;44;39m𜸛[38;2;51;45;39;48;2;83;67;59m𜴦[38;2;33;23;20;48;2;42;32;28m𜴔[38;2;57;44;34;48;2;36;24;19m▅[38;2;41;29;22;48;2;33;21;16m●[38;2;42;29;22;48;2;34;23;16m▗[38;2;42;28;25;48;2;23;11;6m⇥[38;2;45;30;26;48;2;33;25;13m𜸥[38;2;40;27;19;48;2;80;66;53m▙[38;2;79;63;53;48;2;41;25;19m▀[38;2;77;57;46;48;2;72;46;34m𜺡[38;2;48;27;18;48;2;36;18;5m🬿[38;2;33;21;18;48;2;47;33;30m▇[38;2;15;10;6;48;2;14;9;5m▂[38;2;11;5;1;48;2;20;12;5m𜷂[38;2;47;33;23;48;2;18;10;3m■[38;2;13;8;3;48;2;24;11;1m🬇[38;2;32;23;15;48;2;71;47;34m▋[38;2;34;26;18;48;2;74;52;26m𜶖[38;2;42;29;16;48;2;14;7;2m𜴴[38;2;48;35;20;48;2;18;8;3m◆[38;2;38;29;14;48;2;11;4;2m🭛[38;2;19;8;3;48;2;7;1;0m𜴃[38;2;23;9;5;48;2;15;2;0m𜺔[48;2;7;0;1m [48;2;0;0;0m [48;2;5;0;2m [48;2;8;0;1m [48;2;11;1;3m [48;2;3;0;0m [38;2;26;6;2;48;2;21;4;1m🭔[38;2;13;0;0;48;2;24;6;6m𜷴[48;2;27;10;5m [38;2;23;5;2;48;2;15;0;0m𜴂[38;2;19;5;0;48;2;33;15;10m◟[38;2;21;6;2;48;2;18;5;1m▆[38;2;22;7;5;48;2;9;0;0m𜶖[38;2;71;52;23;48;2;32;17;3m𜴂[38;2;21;7;7;48;2;5;0;0m🭥[38;2;15;1;0;48;2;39;19;9m𜺑[38;2;28;8;3;48;2;20;3;0m▊[38;2;24;5;3;48;2;71;51;19m▖[38;2;40;20;9;48;2;44;33;5m𜳂[38;2;17;4;0;48;2;38;19;5m🬁[38;2;27;13;8;48;2;18;8;0m𜴴[38;2;21;11;2;48;2;14;5;0m▇[38;2;11;2;1;48;2;32;18;8m🬂[38;2;9;0;2;48;2;28;14;3m𜵠[38;2;2;0;0;48;2;20;9;4m🭧[48;2;10;0;2m [48;2;5;0;1m [48;2;5;0;0m [48;2;5;0;2m [48;2;0;0;0m [48;2;18;0;3m [48;2;9;0;0m [38;2;23;7;4;48;2;14;1;0m𜺪[38;2;42;24;10;48;2;17;3;0m🭧[38;2;28;6;3;48;2;13;0;0m𜴵[38;2;48;23;6;48;2;38;14;9m𜴅[38;2;109;84;51;48;2;77;47;20m𜴅[38;2;72;50;33;48;2;38;22;14m𜴳[38;2;63;47;25;48;2;38;21;13m𜵡[38;2;23;10;2;48;2;46;29;13m𜴆[38;2;50;33;17;48;2;41;26;14m𜵇[38;2;33;18;7;48;2;44;30;21m🬅[38;2;30;14;5;48;2;51;38;25m𜵿[38;2;45;29;15;48;2;29;11;8m🬮[38;2;25;10;4;48;2;48;27;15m𜶣[38;2;11;1;0;48;2;21;8;2m🭥[38;2;30;16;10;48;2;17;5;0m𜶝[38;2;12;3;0;48;2;25;11;6m▾[38;2;67;52;41;48;2;34;22;14m𜲿[38;2;19;6;2;48;2;38;23;18m𜴉[38;2;6;0;0;48;2;21;7;5m𜹱[38;2;10;1;0;48;2;24;12;10m🬠[38;2;18;8;1;48;2;23;12;3m𜶰[38;2;12;6;2;48;2;23;11;5m▂[38;2;42;32;26;48;2;30;22;14ms[38;2;45;34;29;48;2;28;17;12m🬡[38;2;50;39;38;48;2;26;18;17m🬏[38;2;63;44;33;48;2;29;18;9m▋[38;2;17;6;2;48;2;23;14;10m▬[38;2;45;35;34;48;2;32;22;17m𜴅[38;2;16;5;1;48;2;33;23;21m⇨[38;2;52;39;32;48;2;38;28;18m🬒[38;2;14;3;1;48;2;32;20;15m𜱶[38;2;15;5;3;48;2;20;9;7m●[38;2;52;44;36;48;2;34;24;21m𜴚[38;2;38;29;28;48;2;34;26;22m𜱉[38;2;14;7;2;48;2;24;17;13m▾[0m
[38;2;76;59;62;48;2;77;59;60m╸[38;2;76;54;48;48;2;83;59;56m▀[38;2;61;41;38;48;2;73;51;45m𜺯[38;2;52;34;33;48;2;63;44;40m▅[38;2;64;45;44;48;2;44;25;19m▀[38;2;40;23;22;48;2;61;41;38m𜵡[38;2;76;51;44;48;2;38;17;10m🭧[38;2;57;36;29;48;2;40;24;18m🭍[38;2;52;33;26;48;2;39;21;15m𜴌[38;2;41;20;15;48;2;46;28;22m▀[38;2;51;33;27;48;2;25;14;6m🭆[48;2;34;16;12m🬹[38;2;47;33;28;48;2;39;23;18m🬁[38;2;60;48;46;48;2;33;20;10m▀[38;2;33;12;10;48;2;53;33;28m𜵫[38;2;8;0;0;48;2;18;6;6m🭧[38;2;22;18;14;48;2;10;5;2m𜵠[38;2;41;25;19;48;2;15;6;2m𜶫[38;2;44;30;23;48;2;36;22;11m𜺡[38;2;44;33;22;48;2;38;23;11m𜴢[38;2;76;63;61;48;2;45;38;27m🬎[38;2;88;77;74;48;2;81;62;53m▀[38;2;70;57;44;48;2;88;71;63m𜵡[38;2;70;59;48;48;2;92;80;70m𜴧[38;2;52;38;35;48;2;87;83;79m🬍[38;2;47;34;29;48;2;76;65;60m▀[38;2;58;54;45;48;2;42;29;22m🬑[38;2;56;45;44;48;2;53;44;39m𜸠[38;2;80;69;58;48;2;41;29;22m𜵡[38;2;36;28;23;48;2;78;67;60m▂[38;2;77;62;53;48;2;58;44;38m🭚[38;2;58;51;42;48;2;54;45;36m𜴐[38;2;60;52;46;48;2;35;27;21m🬌[38;2;11;6;2;48;2;23;15;10m🬁[38;2;15;9;3;48;2;18;9;3m𜴘[38;2;47;33;23;48;2;39;26;18m𜴦[38;2;45;32;22;48;2;36;23;23m𜴗[38;2;44;28;22m🭧[38;2;47;35;24;48;2;24;14;7m𜵡[38;2;17;6;4;48;2;38;30;17m🬇[38;2;33;20;18;48;2;15;5;3m𜷎[38;2;11;6;3;48;2;16;10;6m🬌[38;2;14;6;5;48;2;33;25;19m▅[38;2;25;18;9;48;2;13;6;2m🬀[38;2;18;10;4;48;2;4;0;0m🭤[38;2;56;44;28;48;2;9;3;2m▀[38;2;38;20;14;48;2;86;61;46m▅[38;2;44;23;13;48;2;16;6;3m🭟[38;2;13;4;1;48;2;13;9;7m▙[38;2;23;15;14;48;2;16;6;4m🬀[38;2;19;6;2;48;2;21;8;3m𜸭[38;2;18;11;6;48;2;14;9;5m𜺧[38;2;19;8;6;48;2;4;0;0m𜹇[48;2;5;0;0m [48;2;0;0;0m [48;2;2;0;0m [48;2;10;0;2m [38;2;18;6;6;48;2;17;5;5m𜹑[48;2;6;0;0m [38;2;22;4;3;48;2;9;0;0m𜸫[38;2;28;8;5;48;2;19;2;0m▘[38;2;30;10;6;48;2;20;3;1m🭓[38;2;21;3;3;48;2;27;10;6m▉[48;2;22;7;0m [38;2;6;0;0;48;2;34;18;6m🭋[38;2;22;4;3;48;2;6;0;0m🭥[38;2;34;15;1;48;2;32;11;3m⇁[38;2;27;11;7;48;2;8;0;0m𜵅[38;2;26;10;5;48;2;18;2;0m🬪[38;2;23;6;0;48;2;19;5;0m▇[38;2;48;33;11;48;2;15;2;0m🭥[38;2;52;32;17;48;2;29;9;6m▀[38;2;53;29;12;48;2;8;0;0m🭤[38;2;71;44;20;48;2;14;0;0m𜶩[38;2;62;44;25;48;2;28;13;0m▙[38;2;36;18;5;48;2;47;27;13m🭓[38;2;57;39;24;48;2;25;12;3m▗[38;2;15;9;0;48;2;34;28;12m𜲡[38;2;13;2;0;48;2;36;26;10m𜺬[38;2;12;0;0;48;2;17;6;6m🭕[38;2;26;10;9;48;2;8;0;0m🬦[38;2;21;6;5;48;2;5;0;0m🬾[38;2;23;11;6;48;2;13;3;3m▁[48;2;4;0;0m [38;2;21;9;1;48;2;17;3;4m𜺢[48;2;13;0;1m [38;2;19;6;6;48;2;4;0;0m𜺘[48;2;13;0;2m [48;2;10;0;6m [38;2;24;11;1;48;2;19;5;1m𜸭[38;2;9;0;0;48;2;33;17;6m▆[38;2;39;20;7;48;2;6;0;0m▀[38;2;24;6;0;48;2;18;4;1m🬊[38;2;34;20;8;48;2;17;2;0m🭫[38;2;40;20;5;48;2;42;29;15m𜸟[38;2;56;38;29;48;2;44;23;16m▀[38;2;77;52;39;48;2;40;27;16m🭊[38;2;38;17;6;48;2;84;59;45m🬊[38;2;50;36;29;48;2;42;27;14m🬂[38;2;38;25;18;48;2;44;27;18m𜶣[38;2;54;38;26;48;2;38;21;13m𜸥[38;2;79;64;56;48;2;22;11;1m𜸞[38;2;16;6;1;48;2;25;14;6m𜷫[38;2;26;17;14;48;2;18;6;1m🬥[38;2;50;38;26;48;2;28;21;10m🬟[38;2;16;6;0;48;2;18;10;6m▬[38;2;11;2;0;48;2;27;19;15m🬉[38;2;8;2;0;48;2;18;8;3m🬐[38;2;16;5;1;48;2;26;14;10m🬡[38;2;18;6;2;48;2;27;11;7m🬯[38;2;46;33;24;48;2;33;21;14m𜸞[38;2;51;44;38;48;2;23;12;6m►[38;2;44;44;34;48;2;29;17;13m𜴉[38;2;45;33;25;48;2;23;11;6m▬[38;2;39;29;22;48;2;19;9;4m■[38;2;58;46;40;48;2;29;21;14m▬[38;2;14;6;3;48;2;18;9;5m🭥[38;2;16;9;2;48;2;23;11;5m𜹢[38;2;38;29;23;48;2;20;12;5m𜴜[38;2;48;34;32;48;2;21;10;2m𜴉[0m
[38;2;77;51;45;48;2;58;44;36m▅[38;2;53;39;39;48;2;63;47;52m𜶚[38;2;60;39;38;48;2;73;51;52m𜴈[38;2;72;60;69;48;2;60;40;42m🬭[38;2;83;61;57;48;2;107;80;67m▌[38;2;95;64;52;48;2;63;44;39m▖[38;2;69;48;44;48;2;41;24;24m🭚[38;2;39;23;23;48;2;44;29;29m𜴌[38;2;64;44;38;48;2;44;25;20m𜲡[38;2;38;21;10;48;2;47;26;17m🭧[38;2;41;25;19;48;2;48;30;27m🭓[38;2;27;14;9;48;2;42;29;23m🭞[38;2;44;28;19;48;2;29;15;8m𜵭[38;2;48;30;27;48;2;27;18;14m■[38;2;26;14;9;48;2;42;28;22m🭧[38;2;36;27;25;48;2;44;33;29m𜶪[38;2;42;33;32;48;2;24;15;14m◢[38;2;7;0;0;48;2;17;9;3m🬂[38;2;17;9;2;48;2;30;18;18m▆[38;2;27;20;11;48;2;17;8;1m🬀[38;2;21;10;2;48;2;18;7;2m🭧[38;2;51;29;20;48;2;38;23;10m🬨[38;2;45;33;23;48;2;76;59;64m▅[38;2;66;52;44;48;2;99;84;74m▅[38;2;59;38;28;48;2;97;80;67m🬋[38;2;54;38;28;48;2;73;65;57m■[38;2;54;44;35m🬍[38;2;38;29;22;48;2;66;57;60m🬬[38;2;36;27;25;48;2;50;42;33m▂[38;2;48;38;36;48;2;34;22;19m▅[38;2;39;30;23;48;2;26;15;9m𜴱[38;2;46;39;32;48;2;34;25;15m𜴬[38;2;41;32;23;48;2;27;17;6m𜴵[38;2;61;51;48;48;2;42;27;16m🬎[38;2;48;38;29;48;2;30;19;12m𜴬[38;2;18;9;2;48;2;13;4;0m▋[38;2;26;14;6;48;2;14;6;3m𜴦[38;2;23;12;6;48;2;14;5;2m𜴲[38;2;18;8;0;48;2;27;18;9m🬁[38;2;16;2;0;48;2;23;13;3m🬀[38;2;17;4;2;48;2;39;29;19m𜲠[38;2;15;8;2;48;2;35;26;16m🬹[38;2;14;7;3;48;2;14;9;6m𜶁[38;2;18;11;9;48;2;14;6;1m🬎[38;2;11;2;2;48;2;18;10;6m▖[38;2;13;5;2;48;2;17;10;3m🭇[38;2;15;7;3;48;2;41;29;19m▃[38;2;51;36;28;48;2;39;27;19m𜺔[38;2;16;9;7;48;2;11;3;3m🭞[38;2;9;2;2;48;2;18;9;3m🬄[38;2;16;5;3;48;2;38;24;14m𜺭[38;2;6;0;0;48;2;17;10;4m🬎[38;2;23;12;6;48;2;18;5;3m🬐[38;2;18;6;5;48;2;11;0;0m𜸣[48;2;3;0;2m [48;2;0;0;0m [48;2;15;2;3m [48;2;0;0;0m [48;2;2;0;0m [48;2;9;0;3m [48;2;17;2;3m [48;2;14;0;1m [48;2;21;2;4m [38;2;29;11;4;48;2;13;0;0m𜴡[38;2;25;9;5;48;2;18;2;3m𜴊[38;2;23;4;6;48;2;10;0;0m𜺓[38;2;24;3;2;48;2;23;4;1m𜸟[38;2;23;3;3;48;2;22;5;1m𜺜[38;2;23;6;5;48;2;15;2;2m🭖[38;2;22;6;0;48;2;22;6;2m𜺪[38;2;23;9;5;48;2;14;1;0m𜸫[38;2;33;17;8;48;2;18;6;2m🭔[38;2;35;22;6;48;2;13;1;0m▍[38;2;11;0;3;48;2;27;9;5m▖[38;2;17;0;0;48;2;25;5;0m┗[38;2;78;48;20;48;2;32;9;5m𜴦[38;2;88;63;38;48;2;39;24;5m𜸥[38;2;45;29;14;48;2;47;33;9m𜴳[38;2;35;23;3;48;2;48;34;11m𜶧[38;2;26;17;2;48;2;10;1;0m𜷥[38;2;44;32;17;48;2;33;22;9m𜺘[38;2;15;2;0;48;2;27;11;6m🭥[38;2;18;3;1;48;2;27;12;5m𜵥[38;2;10;0;0;48;2;24;11;3m𜶂[38;2;30;17;6;48;2;19;6;2m𜶜[38;2;10;2;2;48;2;23;14;4m🬬[38;2;21;6;2;48;2;6;0;0m𜴀 [48;2;13;0;0m [38;2;19;9;4;48;2;10;1;1m⠠[48;2;5;0;0m [48;2;9;0;0m [48;2;14;1;3m [48;2;12;0;2m [38;2;23;8;4;48;2;14;1;0m𜵳[38;2;23;9;1;48;2;20;6;2m🭥[38;2;39;23;10;48;2;14;1;1m🬎[38;2;33;14;3;48;2;17;3;0m𜹀[38;2;59;38;14;48;2;29;14;3m𜴄[38;2;56;34;19;48;2;29;13;5m𜴵[38;2;33;18;7;48;2;48;29;15m🬯[38;2;78;63;53;48;2;40;28;14m🭧[38;2;53;40;34;48;2;38;26;19m𜵽[38;2;23;13;5;48;2;51;38;25m𜵤[38;2;15;5;1;48;2;18;9;3m🬟[38;2;10;2;0;48;2;35;23;14m𜶳[38;2;41;32;23;48;2;23;13;6m𜴛[38;2;65;54;45;48;2;36;27;18m🬁[38;2;39;32;22;48;2;33;25;16m𜲤[38;2;44;30;23;48;2;29;18;10m𜺪[38;2;12;3;0;48;2;36;23;17m𜴘[38;2;17;10;1;48;2;25;19;14m𜶜[38;2;13;3;2;48;2;18;12;8m◛[38;2;40;28;21;48;2;18;8;4m𜺬[38;2;35;23;17;48;2;38;27;25m𜵢[38;2;35;24;24;48;2;50;38;39m𜶟[38;2;48;44;35;48;2;25;14;10m▁[38;2;45;34;30;48;2;33;21;18m𜴆[38;2;46;30;32;48;2;39;23;23m𜺔[38;2;17;7;2;48;2;22;12;4m𜹇[0m
[38;2;59;41;33;48;2;79;59;48m▬[38;2;64;45;32;48;2;72;52;42m🬢[38;2;54;44;42;48;2;71;58;62m▆[38;2;71;57;64;48;2;44;27;17m▀[38;2;107;83;70;48;2;38;25;18m▀[38;2;38;24;24;48;2;80;59;54m▃[38;2;73;52;48;48;2;51;33;29m▘[38;2;61;42;40;48;2;46;29;25m▆[38;2;87;60;56;48;2;51;38;33m▃[38;2;34;23;18;48;2;38;27;25m𜸥[38;2;73;53;53;48;2;61;42;38m🭧[38;2;40;26;22;48;2;51;32;23m▗[38;2;38;22;14;48;2;18;6;3m🭓[38;2;44;30;23;48;2;23;10;2m𜴉[38;2;64;42;39;48;2;27;16;11m🭥[38;2;57;36;29;48;2;38;23;17m𜴴[38;2;44;28;22;48;2;23;11;6m𜺘[38;2;38;27;25;48;2;23;16;9m🬎[38;2;54;42;42;48;2;32;23;23m𜸥[38;2;40;28;23;48;2;21;7;6m▃[38;2;4;0;0;48;2;23;13;9m🭓[38;2;25;17;9;48;2;10;3;0m🬂[38;2;39;23;15;48;2;6;1;0m🬎[38;2;29;25;24;48;2;51;48;56m▆[38;2;86;80;87;48;2;52;47;41m🬂[38;2;57;44;38;48;2;71;61;56m🬍[38;2;48;33;29;48;2;58;44;44m𜴣[38;2;53;41;41;48;2;54;46;44m🬎[38;2;34;24;23;48;2;51;47;48m▀[38;2;52;47;44;48;2;41;32;23m𜺛[38;2;46;33;26;48;2;36;24;19m🬺[38;2;50;39;38;48;2;21;10;5m▖[38;2;38;29;27;48;2;27;18;13m𜴀[38;2;15;6;2;48;2;27;20;11m↳[38;2;39;29;21;48;2;27;18;10m𜴀[38;2;13;5;4;48;2;30;22;14m𜺓[38;2;23;14;9;48;2;8;1;0m🬃[38;2;21;13;6;48;2;2;0;0m🭢[38;2;14;6;5;48;2;27;18;10m▅[38;2;10;4;0;48;2;35;26;18m▖[38;2;16;9;3;48;2;30;19;13m𜱋[38;2;28;22;15;48;2;16;6;3m▀[38;2;12;5;3;48;2;33;26;15m🭄[38;2;10;2;2;48;2;16;9;6m𜶮[38;2;18;11;4;48;2;11;5;3m𜴵[38;2;22;12;3;48;2;17;7;2m🬄[48;2;3;0;0m [38;2;18;11;4;48;2;14;9;2m🬬[38;2;7;2;0;48;2;16;10;3m🭤[38;2;25;18;14;48;2;8;3;1m🬁[38;2;14;6;2;48;2;29;20;13m𜵥[38;2;17;7;2;48;2;26;17;4m🭮[48;2;14;8;1m [38;2;24;12;7;48;2;9;2;0m𜴅[38;2;21;7;5;48;2;19;5;4m𜺜[48;2;0;0;0m [48;2;10;2;3m [48;2;2;0;0m [48;2;3;0;1m [48;2;8;0;3m [48;2;6;0;0m [38;2;24;5;4;48;2;19;3;5m▀[48;2;17;3;2m [48;2;14;1;5m [38;2;23;3;3;48;2;15;0;0m𜺚[48;2;9;0;0m [38;2;23;5;3;48;2;17;2;3m🭣[38;2;25;5;6;48;2;19;2;4m𜸻[38;2;22;7;3;48;2;10;0;3m🭢[38;2;25;9;3;48;2;20;6;2m🭔[38;2;22;4;3;48;2;19;5;4m𜺘[38;2;20;7;2;48;2;9;0;1m🭢[38;2;10;0;0;48;2;26;12;6m🬫[38;2;22;7;3;48;2;6;0;1m𜺓[38;2;23;8;1;48;2;18;4;0m🬡[38;2;33;13;10;48;2;11;0;0m𜵛[38;2;39;17;3;48;2;25;4;0m𜸥[38;2;26;9;2;48;2;40;22;3m▅[38;2;33;13;3;48;2;47;28;9m𜺢[38;2;9;0;0;48;2;50;27;15m▀[38;2;13;2;0;48;2;39;23;9m𜱬[38;2;71;51;22;48;2;18;2;0m🭓[38;2;15;3;0;48;2;38;19;2m𜴅[38;2;16;6;1;48;2;38;25;12m𜳅[38;2;14;3;0;48;2;36;21;14m🬡[38;2;20;9;2;48;2;18;5;3m𜶂[38;2;15;9;0;48;2;19;10;6m▲[38;2;33;20;13;48;2;14;3;1m𜷞[38;2;24;9;4;48;2;14;1;2m▅[38;2;14;2;2;48;2;24;11;1m🭓[38;2;10;2;1;48;2;22;8;5m𜶧[38;2;17;6;6;48;2;7;0;2m𜺯[38;2;22;12;4;48;2;5;0;0m⡀[38;2;17;3;2;48;2;23;7;3m𜴪[38;2;25;10;4;48;2;6;0;0m🬼[38;2;21;10;5;48;2;18;3;4m𜺽[48;2;10;1;1m [38;2;20;6;4;48;2;12;0;1m𜺞[38;2;23;6;2;48;2;18;3;2m𜸭[48;2;20;6;1m [38;2;17;3;0;48;2;29;14;3m▆[38;2;39;25;9;48;2;14;3;1m🭧[38;2;28;14;5;48;2;20;8;0m🭜[38;2;10;3;5;48;2;40;27;16m▂[38;2;41;35;24;48;2;36;21;7m🬂[38;2;19;7;0;48;2;42;26;20m𜲓[38;2;10;1;0;48;2;22;6;3m🬭[38;2;11;2;0;48;2;21;11;2m🬠[38;2;16;6;0;48;2;20;9;1m🬽[38;2;14;5;0;48;2;26;15;9m🬰[38;2;42;30;20;48;2;16;6;0m🬋[38;2;32;19;10;48;2;15;6;1m𜵡[38;2;45;33;19;48;2;20;10;6m𜲞[38;2;39;29;22;48;2;23;13;9m𜲤[38;2;45;35;26;48;2;35;23;16m𜺪[38;2;36;25;15;48;2;51;41;32m🬋[38;2;51;46;38;48;2;29;23;14m🬂[38;2;42;33;27;48;2;35;24;14m▂[38;2;46;34;22;48;2;36;25;15m𜺨[38;2;38;32;21;48;2;26;18;10m𜴆[0m
[38;2;29;23;21;48;2;50;44;45m𜶜[38;2;71;58;62;48;2;36;28;23m𜴦[38;2;39;23;9;48;2;97;67;63m▂[38;2;62;41;34;48;2;38;27;23m🭠[38;2;29;20;17;48;2;42;28;23m🭞[38;2;21;12;8;48;2;51;40;32m🭚[38;2;58;47;38;48;2;51;34;25m🬎[38;2;65;47;29;48;2;80;63;56m▃[38;2;93;63;50;48;2;85;70;61m𜵡[38;2;71;58;58;48;2;84;67;66m𜶋[38;2;92;71;71;48;2;62;39;41m𜴉[38;2;59;38;36;48;2;24;20;26m▀[38;2;41;28;25;48;2;27;15;15m▃[38;2;20;9;2;48;2;42;29;23m▀[38;2;66;51;48;48;2;41;28;20m🬭[38;2;39;23;18;48;2;45;26;25m𜴦[38;2;15;6;2;48;2;45;25;21m▀[48;2;16;8;5m𜴂[38;2;11;4;1;48;2;17;10;5m𜶐[38;2;11;5;3;48;2;34;24;21m▅[38;2;38;29;20;48;2;14;7;2m🭕[38;2;13;3;3;48;2;23;13;7m🬂[38;2;5;0;0;48;2;18;10;9m🭕[38;2;18;10;4;48;2;12;5;2m🭥[38;2;40;28;20;48;2;7;1;0m▀[38;2;38;26;14;48;2;62;60;61m▅[38;2;51;45;33;48;2;69;64;61m𜵭[38;2;54;45;40;48;2;52;48;47m🬎[38;2;60;54;51;48;2;56;48;33m𜶬[38;2;53;44;29;48;2;56;46;41m▀[38;2;46;33;25;48;2;29;18;8m▅[38;2;39;29;22;48;2;33;24;17m🭍[38;2;38;30;29;48;2;21;14;6m🭑[38;2;39;29;22;48;2;22;14;7m╺[38;2;18;7;2;48;2;20;10;4m𜺟[38;2;21;10;5;48;2;14;6;1m𜴴[38;2;16;10;3;48;2;10;4;0m𜶨[38;2;18;11;4;48;2;11;6;3m▘[48;2;2;0;0m [38;2;18;10;9;48;2;6;0;1m🭥[38;2;14;9;3;48;2;33;29;23m▆[38;2;32;21;9;48;2;10;2;0m𜴦[38;2;23;16;8;48;2;15;7;3m🬎[38;2;16;8;4;48;2;30;24;10m🭆[38;2;18;10;7;48;2;9;2;0m▆[38;2;16;8;5;48;2;4;0;0m𜴳[38;2;14;10;6;48;2;6;2;0m𜺟[38;2;22;13;9;48;2;9;2;1m🬑[38;2;17;7;2;48;2;38;28;20m▆[38;2;28;18;9;48;2;14;6;3m𜹂[38;2;16;8;4;48;2;18;8;6m◛[38;2;12;3;1;48;2;38;25;12m🭮[38;2;20;10;5;48;2;9;1;0m𜳅[48;2;6;0;0m [38;2;21;9;5;48;2;18;3;3m🬀[48;2;14;1;2m [48;2;0;0;0m [48;2;10;0;0m [38;2;9;0;1;48;2;18;6;6m🭓[48;2;2;0;0m [48;2;3;0;3m [48;2;6;0;1m [48;2;12;0;1m [48;2;9;0;0m [38;2;21;5;5;48;2;12;0;2m𜺓[38;2;23;4;6;48;2;18;3;2m⠡[38;2;21;5;6;48;2;10;0;1m🭣[38;2;23;4;5;48;2;23;2;2m𜶯[38;2;22;7;3;48;2;2;0;0m𜺜[48;2;11;0;0m [48;2;12;0;0m [48;2;5;0;1m [38;2;25;4;2;48;2;18;3;3m𜺨[48;2;5;0;0m [38;2;26;6;4;48;2;17;2;3m🭢[38;2;18;1;0;48;2;29;10;5m𜵫[48;2;18;1;3m [38;2;17;2;0;48;2;24;10;1m𜺤[38;2;35;16;6;48;2;16;2;0m🭡[38;2;46;27;8;48;2;40;21;8m🬁[38;2;45;23;12;48;2;33;15;3m🭮[38;2;47;25;14;48;2;24;6;3m𜴬[38;2;41;18;4;48;2;28;9;1m𜷝[38;2;18;6;0;48;2;19;9;2m▘[38;2;16;9;2;48;2;21;9;0m𜲤[38;2;51;38;29;48;2;33;21;14m𜴆[38;2;56;40;23;48;2;33;21;10m▃[38;2;72;51;36;48;2;45;27;15m🭥[38;2;64;42;24;48;2;15;1;0m𜴫[38;2;19;6;2;48;2;32;18;6m𜴣[38;2;19;6;3;48;2;38;20;9m𜲡[38;2;13;2;0;48;2;44;28;13m🬰[38;2;32;15;3;48;2;13;1;2m𜶜[38;2;17;5;0;48;2;27;14;2m🬛[38;2;18;6;1;48;2;35;19;10m🬍[38;2;17;7;2;48;2;20;9;4m🭑[38;2;9;0;0;48;2;23;12;5m𜷖[38;2;22;10;5;48;2;18;4;2m🭆[38;2;9;0;0;48;2;20;10;6m𜴦[38;2;11;2;3;48;2;19;8;6m🬍[38;2;24;13;5;48;2;9;0;0m▁[48;2;2;0;0m [38;2;18;8;4;48;2;9;2;4m▃[38;2;24;12;7;48;2;1;0;0m🬼[38;2;12;3;0;48;2;21;9;5m𜶘[38;2;22;10;2;48;2;16;6;1m𜴱[38;2;27;14;5;48;2;19;9;0m🬳[38;2;42;30;20;48;2;39;26;15m𜰨[38;2;14;4;2;48;2;20;9;4m𜴜[38;2;12;3;0;48;2;34;21;15m▬[38;2;18;7;2;48;2;19;9;3m🭑[38;2;11;3;0;48;2;33;21;14m🬭[38;2;10;2;0;48;2;16;10;3m🬭[38;2;42;29;23;48;2;28;14;8m𜺗[38;2;46;36;28;48;2;28;12;7m●[38;2;46;35;32;48;2;36;28;20m𜱫[38;2;16;6;2;48;2;33;24;17m𜺗[38;2;45;36;28;48;2;35;26;18m𜸭[38;2;29;21;14;48;2;15;5;1m𜴛[38;2;17;8;1;48;2;22;11;6m𜸇[0m
[38;2;57;39;29;48;2;42;26;18m𜴮[48;2;41;24;13m [38;2;15;8;2;48;2;28;14;3m▂[38;2;41;29;23;48;2;29;16;5m▬[38;2;44;33;27;48;2;44;29;15m𜴕[38;2;61;40;33;48;2;39;26;18m🭜[38;2;59;44;41;48;2;39;23;15m𜷹[38;2;26;22;17;48;2;48;29;18m▁[38;2;39;25;23;48;2;60;45;34m▂[38;2;70;46;33;48;2;44;23;14m𜸥[38;2;56;40;44;48;2;38;23;21m🬡[38;2;44;30;25;48;2;80;69;59m▀[38;2;39;25;19;48;2;50;34;29m🬩[38;2;63;44;36;48;2;59;41;33m▗[38;2;69;47;38;48;2;48;35;28m▖[38;2;83;63;54;48;2;47;33;29m🭮[38;2;85;65;57;48;2;64;44;38m𜴳[38;2;66;51;47;48;2;58;39;35m𜵅[38;2;65;44;35;48;2;44;25;20m■[38;2;54;35;29;48;2;22;8;5m🬓[38;2;2;0;0;48;2;19;8;5m🭒[38;2;14;10;6;48;2;6;1;0m𜺫[38;2;23;18;9;48;2;16;9;2m𜴅[38;2;18;10;6;48;2;17;6;5m𜺔[48;2;6;1;1m [38;2;17;12;12;48;2;4;0;1m🬁[38;2;23;25;23;48;2;4;0;0m▀[38;2;56;45;36;48;2;29;22;16m𜶛[38;2;56;42;34;48;2;38;29;21m▙[38;2;33;22;9;48;2;44;40;29m🬋[38;2;35;27;19;48;2;50;44;51m▀[38;2;26;18;11;48;2;39;29;25m🭧[38;2;29;23;14;48;2;38;27;25m🬎[38;2;29;22;18;48;2;36;27;26m▀[38;2;18;8;3;48;2;16;9;2m▆[38;2;18;7;3;48;2;21;10;5m🬂[38;2;18;9;3;48;2;12;2;0m𜴵[38;2;22;14;3;48;2;17;10;1m𜴳[38;2;23;14;5;48;2;17;7;3m▇[38;2;6;1;1;48;2;23;14;7m🬊[38;2;19;12;6;48;2;0;0;0m▖[48;2;5;0;0m [38;2;18;9;5;48;2;14;6;2m𜴥[38;2;17;5;1;48;2;21;10;5m▂[38;2;18;8;2;48;2;24;14;6m𜴿[38;2;18;10;4;48;2;9;1;1m▆[38;2;22;14;8;48;2;5;0;0m🬓[38;2;14;8;3;48;2;17;10;4m𜵰[38;2;18;12;5;48;2;5;0;0m▃[38;2;4;0;1;48;2;18;14;4m𜶫[38;2;11;5;1;48;2;27;19;12m▙[48;2;41;29;18m [38;2;25;14;5;48;2;10;0;0m🭡[48;2;9;0;0m [38;2;18;6;6;48;2;0;0;0m𜺓[48;2;20;2;4m [48;2;6;0;0m [48;2;2;0;0m [38;2;24;10;6;48;2;16;3;1m🬂[48;2;12;3;2m [48;2;0;0;0m [38;2;20;4;5;48;2;16;6;5m𜳎[48;2;2;0;0m [48;2;8;0;1m [48;2;6;0;0m [48;2;14;1;2m [38;2;21;3;5;48;2;11;0;1m𜹒[38;2;23;9;2;48;2;13;0;0m🭤[38;2;23;8;2;48;2;18;3;1m𜴕[48;2;12;1;1m [48;2;9;0;0m [48;2;15;0;3m [38;2;22;4;4;48;2;7;0;0m◥[48;2;16;0;0m [48;2;10;0;3m [38;2;23;6;2;48;2;14;1;2m🬂[48;2;19;3;5m [38;2;20;7;3;48;2;10;0;0m🭥[38;2;29;13;3;48;2;15;3;2m🭙[38;2;16;3;1;48;2;28;12;3m▌[38;2;33;17;6;48;2;17;4;0m▍[38;2;29;14;6;48;2;16;3;1m🭕[38;2;22;4;3;48;2;15;0;0m▋[38;2;33;10;6;48;2;18;0;0m𜴅[38;2;18;3;0;48;2;38;22;14m▗[38;2;29;13;3;48;2;18;5;0m𜶢[38;2;41;23;12;48;2;51;29;17m🬎[38;2;53;34;19;48;2;42;24;10m𜴹[38;2;36;18;11;48;2;10;0;0m🬺[38;2;14;1;0;48;2;51;28;18m🭧[38;2;11;1;0;48;2;19;9;3m𜸟[38;2;10;1;0;48;2;27;13;8m𜴧[38;2;14;1;0;48;2;23;7;6m🬭[38;2;14;1;1;48;2;20;6;5m𜵹[38;2;29;13;5;48;2;18;3;1m𜷣[38;2;18;8;2;48;2;28;14;9m𜴝[38;2;51;29;18;48;2;39;26;17m▂[38;2;30;16;9;48;2;17;5;0m𜴳[38;2;22;8;1;48;2;14;4;0m𜴬[38;2;15;3;2;48;2;22;9;4m𜺥[38;2;56;36;30;48;2;30;18;9m🬏[38;2;16;6;1;48;2;33;18;10m𜴩[38;2;19;8;5;48;2;9;0;0m𜴢[38;2;27;14;5;48;2;14;4;1m🭏[38;2;10;0;0;48;2;19;6;5m𜸥[38;2;17;5;5;48;2;29;18;10m𜴢[38;2;8;0;0;48;2;18;7;5m𜵇[38;2;23;8;1;48;2;11;1;0m𜺭[38;2;45;30;24;48;2;26;10;3m𜱶[38;2;11;2;0;48;2;29;16;5m𜴀[38;2;16;7;0;48;2;27;19;8m𜴈[38;2;44;33;28;48;2;22;11;6m𜲤[38;2;38;29;27;48;2;18;8;6m🬭[38;2;18;6;1;48;2;30;21;16m▗[38;2;38;30;22;48;2;23;13;6m🭥[38;2;17;7;2;48;2;35;29;23m🬞[38;2;46;32;25;48;2;33;21;14m▀[38;2;23;15;6;48;2;14;7;1m🬌[38;2;17;10;4;48;2;10;4;0m■[38;2;14;6;1;48;2;18;10;4m𜴇[0m
[38;2;60;48;46;48;2;20;10;3m▂[38;2;17;4;3;48;2;25;13;8m🬍[38;2;14;7;2;48;2;18;10;6m🬆[38;2;8;0;0;48;2;40;28;23m▀[38;2;44;29;24;48;2;28;17;10m🬁[38;2;15;8;1;48;2;41;24;21m🬏[38;2;61;46;44;48;2;23;13;7m▃[38;2;51;33;29;48;2;14;7;4m▃[38;2;66;47;45;48;2;47;29;25m🬇[38;2;59;38;39;48;2;32;15;10m🬹[38;2;44;29;20;48;2;26;13;4m𜵯[38;2;64;50;38;48;2;44;26;14m🬂[38;2;42;24;19;48;2;62;41;34m𜷅[38;2;33;23;21;48;2;47;33;28m▃[38;2;61;40;39;48;2;39;27;20m🬍[38;2;48;28;23;48;2;63;45;38m𜵊[38;2;56;40;33;48;2;65;47;40m𜵻[38;2;58;35;25;48;2;47;28;22m𜴆[38;2;62;41;34;48;2;86;65;54m▃[38;2;61;36;33;48;2;46;25;16m🭞[38;2;45;26;18;48;2;57;34;24m𜵬[38;2;9;1;1;48;2;18;6;6m𜴢[38;2;18;9;5;48;2;0;0;0m𜺜 [48;2;9;4;3m [38;2;15;9;5;48;2;10;4;3m𜺟[48;2;1;0;0m [38;2;8;5;3;48;2;14;10;7m▇[38;2;13;6;1;48;2;33;29;25m▆[38;2;13;5;2;48;2;36;27;17m▂[38;2;14;7;3;48;2;30;28;20m𜳇[38;2;46;38;38;48;2;39;27;20m🬡[38;2;44;34;26;48;2;36;27;19m𜵅[38;2;15;7;3;48;2;34;28;23m𜴆[38;2;18;10;4;48;2;14;6;3m🭆[38;2;17;9;3;48;2;14;7;2m𜵦[38;2;18;10;5;48;2;10;3;1m𜺛[38;2;20;10;3;48;2;5;0;0m𜴯[38;2;10;1;0;48;2;23;14;5m▁[38;2;29;18;6;48;2;17;10;1m🭠[38;2;15;9;2;48;2;29;23;9m𜺫[38;2;16;8;5;48;2;8;2;1m𜵈[48;2;0;0;0m [48;2;2;0;0m [38;2;18;10;3;48;2;5;0;0m𜴡[38;2;29;17;7;48;2;18;8;2m▙[38;2;41;27;21;48;2;9;0;0m▃[38;2;9;2;0;48;2;26;18;9m▘[38;2;18;8;2;48;2;38;30;15m𜶜[38;2;29;23;10;48;2;14;8;3m▙[38;2;10;3;2;48;2;18;10;5m𜵿[38;2;17;10;4;48;2;18;10;0m𜺩[38;2;20;12;4;48;2;15;6;1m𜴉[48;2;2;0;0m [38;2;14;10;5;48;2;3;0;0m🬼[38;2;15;9;5;48;2;6;2;1m𜹔[48;2;14;3;3m [48;2;5;0;0m [38;2;20;6;5;48;2;15;0;2m𜸫[48;2;17;4;3m [48;2;10;0;1m [48;2;0;0;0m [48;2;12;3;3m [38;2;21;5;3;48;2;2;0;1m𜳎[48;2;3;0;0m [48;2;14;0;1m [48;2;16;1;3m [48;2;13;0;1m [38;2;24;8;6;48;2;13;0;0m🬁[48;2;18;2;4m [48;2;1;0;0m [38;2;23;8;5;48;2;18;1;3m▾[38;2;20;6;6;48;2;5;0;0m🭢[38;2;21;5;3;48;2;19;6;3m⠈[48;2;7;0;0m [38;2;22;4;4;48;2;18;3;2m𜲤[48;2;14;1;2m [48;2;7;0;0m [48;2;13;0;1m [38;2;23;5;3;48;2;5;0;0m𜺓[38;2;26;8;4;48;2;19;5;2m𜸻[38;2;23;5;3;48;2;6;0;0m🭤[38;2;28;9;4;48;2;18;6;1m𜺧[48;2;5;0;0m [38;2;23;5;2;48;2;11;0;1m𜺩[48;2;9;0;1m [38;2;23;8;1;48;2;15;2;0m𜴸[38;2;29;10;1;48;2;14;0;0m🭧[38;2;44;27;12;48;2;18;5;0m𜴫[38;2;15;2;0;48;2;33;17;11m🬋[38;2;17;6;2;48;2;41;27;10m╮[38;2;66;50;33;48;2;29;13;2m𜲾[38;2;69;52;29;48;2;29;14;7m𜴃[38;2;53;34;19;48;2;30;18;10m▂[38;2;24;10;3;48;2;7;0;0m𜴳[38;2;59;41;24;48;2;30;17;7m𜲡[38;2;42;25;14;48;2;50;30;16m𜴳[38;2;21;6;0;48;2;40;28;14m▲[38;2;20;9;5;48;2;40;27;24m𜷛[38;2;53;35;18;48;2;24;9;3m𜶜[38;2;74;52;28;48;2;38;23;7m𜺢[38;2;16;6;4;48;2;26;13;3m𜸥[38;2;15;3;0;48;2;35;20;12m🬠[38;2;71;51;38;48;2;20;4;5m🬋[38;2;11;1;0;48;2;23;10;1m𜴇[38;2;48;35;21;48;2;30;19;7m𜴧[38;2;17;5;0;48;2;24;10;5m🬋[38;2;22;5;0;48;2;38;26;13m▬[38;2;14;2;0;48;2;23;9;2m𜶼[38;2;23;9;3;48;2;14;2;0m𜵮[38;2;46;27;19;48;2;22;9;1m■[38;2;23;16;5;48;2;14;8;0m𜷜[38;2;11;3;0;48;2;23;15;6m𜴆[38;2;11;2;0;48;2;38;29;18m▬[38;2;14;5;0;48;2;24;13;6m▬[38;2;18;7;3;48;2;23;13;7m𜴧[48;2;24;14;8m𜲥[38;2;16;6;2;48;2;20;10;5m🬏[38;2;10;1;0;48;2;18;6;5m𜶮[38;2;13;4;0;48;2;18;9;3m𜶶[0m
[38;2;15;7;6;48;2;67;63;62m▅[38;2;53;44;44;48;2;35;24;26m𜴛[38;2;62;47;44;48;2;39;25;23m𜴧[38;2;44;30;23;48;2;34;19;13m𜷝[38;2;38;22;18;48;2;45;33;27m▀[38;2;6;0;0;48;2;18;7;6m🬀[38;2;30;24;16;48;2;16;8;4m🭧[38;2;58;44;38;48;2;38;27;23m🬡[38;2;38;29;20;48;2;84;62;56m🬎[38;2;16;5;5;48;2;56;38;35m🬎[38;2;48;28;27;48;2;20;6;6m𜷓[38;2;54;33;30;48;2;34;16;14m▇[38;2;16;3;1;48;2;23;10;7m𜴅[38;2;10;1;1;48;2;19;8;5m▙[38;2;45;29;20;48;2;30;18;12m𜴥[38;2;78;52;44;48;2;51;36;28m🬔[38;2;63;42;33;48;2;38;20;14m🭚[38;2;45;26;20;48;2;66;44;41m🬕[38;2;44;25;19;48;2;52;33;27m🭣[38;2;34;18;9;48;2;46;29;20m🭞[38;2;57;33;23;48;2;65;41;33m🭧[38;2;44;24;20;48;2;87;51;35m▃[38;2;15;4;5;48;2;42;21;14m🭢[38;2;6;1;1;48;2;16;8;6m𜴦[38;2;0;0;0;48;2;22;11;7m🭓[48;2;0;0;0m [48;2;9;3;2m [48;2;1;0;0m [48;2;0;0;0m [48;2;9;2;1m [38;2;18;10;3;48;2;10;1;1m𜸝[38;2;22;14;7;48;2;13;4;1m🬂[38;2;17;6;2;48;2;34;23;15m🬚[38;2;18;9;1;48;2;26;14;5m𜴈[38;2;10;1;0;48;2;21;9;5m🭧[38;2;9;0;0;48;2;20;12;5m🭜[38;2;19;11;3;48;2;10;0;0m▆[38;2;19;11;5m𜺤[38;2;7;0;0;48;2;18;8;3m▋[38;2;44;28;11;48;2;18;9;3m▅[38;2;16;6;1;48;2;22;10;2m𜺭[38;2;19;10;2;48;2;16;6;1m𜺢[38;2;17;9;3;48;2;5;0;2m𜺛[48;2;10;3;2m [48;2;0;0;0m [38;2;18;10;6;48;2;5;0;0m🬁[38;2;19;6;2;48;2;44;26;16m▅[38;2;17;2;0;48;2;42;24;10m𜵡[38;2;18;7;2;48;2;34;20;8m𜶜[38;2;25;15;6;48;2;14;8;3m▀[38;2;34;23;10;48;2;14;5;0m▀[38;2;21;15;8;48;2;13;8;3m𜴳[38;2;20;10;4;48;2;10;3;0m𜺘[38;2;14;10;6;48;2;0;0;0m🭢[38;2;20;17;9;48;2;11;8;4m🬀[48;2;4;0;0m [38;2;10;2;1;48;2;15;10;5m🭞[38;2;16;9;6;48;2;5;0;0m𜺜[48;2;8;0;1m [48;2;3;0;0m [38;2;23;3;4;48;2;9;0;0m𜺓[48;2;19;1;2m [48;2;6;0;1m [48;2;0;0;0m [48;2;12;0;1m [48;2;5;0;2m [48;2;6;0;2m [48;2;15;1;4m [48;2;18;3;5m [48;2;13;1;1m [48;2;13;0;3m [38;2;22;6;3;48;2;7;0;0m⠈[38;2;23;2;4;48;2;14;0;1m𜺜[48;2;2;0;0m [48;2;17;6;2m [48;2;4;0;0m [38;2;23;5;4;48;2;16;0;0m◖[48;2;5;0;1m [38;2;16;0;2;48;2;21;9;6m🭞[38;2;20;10;5;48;2;9;1;2m𜺜[38;2;23;7;1;48;2;13;2;2m𜴳[38;2;29;6;7;48;2;14;1;0m𜴱[48;2;18;1;1m [48;2;10;0;1m [48;2;17;0;2m [48;2;2;0;0m [48;2;15;1;2m [38;2;22;7;5;48;2;5;0;0m𜺓[38;2;26;7;5;48;2;17;2;3m🭗[38;2;22;7;3;48;2;9;0;0m🭣[38;2;20;6;2;48;2;33;18;10m▇[38;2;25;7;3;48;2;11;2;2m🭧[38;2;27;10;5;48;2;21;7;0m𜹖[38;2;42;25;8;48;2;21;6;4m🬡[38;2;24;9;5;48;2;14;3;0m𜵯[38;2;56;34;19;48;2;24;9;5m𜺼[38;2;52;30;13;48;2;33;17;6m🬠[38;2;42;24;12;48;2;54;34;13m🬫[38;2;59;39;23;48;2;14;1;0m▀[38;2;66;50;24;48;2;32;15;5m◚[38;2;16;6;2;48;2;32;14;0m▂[38;2;12;1;0;48;2;25;10;2m𜷫[38;2;38;24;15;48;2;17;4;2m▊[38;2;14;1;1;48;2;21;7;5m🭑[38;2;12;1;0;48;2;41;28;17m🬠[38;2;16;2;0;48;2;23;9;1m▂[38;2;23;7;2;48;2;20;6;1m🬳[38;2;40;22;13;48;2;45;29;22m🬝[38;2;15;5;0;48;2;33;22;9m𜳂[38;2;51;33;14;48;2;33;21;14m𜴀[38;2;12;2;0;48;2;22;7;3m𜶬[38;2;23;11;9;48;2;12;3;0m𜴫[38;2;21;10;3;48;2;14;4;0m🬻[38;2;14;4;1;48;2;24;13;5m𜺔[38;2;18;8;2;48;2;32;19;10m𜷩[48;2;29;21;14m [38;2;14;5;0;48;2;26;18;10m🬋[38;2;18;7;3;48;2;25;16;11m𜴧[38;2;18;5;1;48;2;26;17;12m◛[38;2;40;30;20;48;2;26;18;10m𜸇[0m
[38;2;58;42;45;48;2;69;67;77m🬰[38;2;92;70;65;48;2;62;44;44m▁[38;2;70;51;48;48;2;27;16;11m▅[38;2;18;7;7;48;2;50;33;26m🭕[38;2;50;30;27;48;2;29;18;13m🬎[38;2;51;30;24;48;2;42;24;18m𜺧[38;2;10;1;0;48;2;28;17;12m🬂[48;2;23;10;7m𜺐[38;2;91;74;62;48;2;18;8;1m▀[38;2;54;39;42;48;2;38;25;25m🭜[38;2;39;25;21;48;2;44;25;20m🬎[38;2;32;25;17;48;2;47;29;23m🬬[38;2;44;25;24;48;2;35;27;23m🭕[38;2;23;11;8;48;2;44;28;22m🭥[38;2;14;3;1;48;2;20;7;2m🭕[38;2;51;30;21;48;2;19;6;2m𜴢[38;2;62;47;36;48;2;47;29;28m▬[38;2;40;26;20;48;2;53;38;38m▗[38;2;41;28;18;48;2;73;52;48m▅[38;2;69;47;36;48;2;62;38;30m𜴆[38;2;74;56;45;48;2;60;42;35m▀[38;2;29;16;12;48;2;46;33;28m🭧[38;2;28;17;10;48;2;41;27;21m🬆[38;2;45;27;21;48;2;38;21;16m𜺥[38;2;18;6;3;48;2;28;18;9m𜴘[48;2;7;3;3m [48;2;0;0;0m [38;2;15;9;5;48;2;15;7;5m🭕[38;2;22;14;5;48;2;14;8;5m𜴬[48;2;3;0;0m [38;2;17;9;3;48;2;12;5;4m𜸭[38;2;18;11;6;48;2;11;3;0m▃[38;2;16;10;9;48;2;4;0;0m𜴿[38;2;30;29;25;48;2;10;4;3m▀[38;2;14;7;1;48;2;33;30;16m𜵋[38;2;17;8;1;48;2;26;16;6m𜴀[38;2;15;8;1;48;2;29;22;7m𜵭[48;2;18;10;4m𜴏[38;2;14;7;2;48;2;23;10;3m𜴠[38;2;19;6;1;48;2;34;20;9m𜶨[38;2;18;7;5;48;2;18;8;2m▖[38;2;15;8;1;48;2;19;9;1m🬆[38;2;18;8;3;48;2;9;1;0m𜵈[48;2;12;2;2m [48;2;0;0;1m [48;2;0;0;0m  [38;2;23;15;8;48;2;6;2;0m🬎[38;2;29;21;11;48;2;18;6;2m🭜[48;2;15;9;4m [38;2;16;10;6;48;2;6;1;0m𜴧[38;2;16;13;5;48;2;9;2;0m𜺘[48;2;6;0;1m [48;2;0;0;0m [48;2;7;0;0m [48;2;5;0;1m [38;2;19;12;7;48;2;11;5;2m🭭[48;2;14;8;5m [48;2;10;2;3m [48;2;8;0;0m [48;2;10;0;4m [48;2;1;0;0m [48;2;9;0;0m [48;2;16;2;3m [48;2;1;0;0m [48;2;0;0;0m [48;2;2;0;1m [48;2;0;0;0m [48;2;10;0;0m [48;2;14;0;3m [48;2;18;1;3m [38;2;21;3;5;48;2;9;0;0m𜺓[38;2;26;5;4;48;2;18;2;5m𜺩[48;2;10;0;3m [48;2;15;1;2m [48;2;2;0;1m [48;2;10;0;0m [48;2;4;0;1m [38;2;19;9;4;48;2;14;5;3m𜺪[38;2;23;11;4;48;2;9;0;1m𜺨[48;2;6;0;0m [48;2;12;0;0m [38;2;20;7;3;48;2;6;0;0m🭢[38;2;21;9;6m🬄[48;2;2;0;0m [48;2;6;0;2m [48;2;1;0;0m [48;2;0;0;0m [38;2;23;5;5;48;2;2;0;1m◂[48;2;0;0;0m [38;2;23;5;7;48;2;5;0;0m╸[48;2;13;0;3m [48;2;14;1;3m [38;2;17;2;0;48;2;26;10;5m▇[38;2;23;7;1;48;2;18;4;0m𜺗[38;2;9;0;0;48;2;24;6;2m▃[38;2;33;14;5;48;2;12;1;0m𜴋[38;2;38;24;15;48;2;17;6;2m🬰[38;2;22;8;5;48;2;9;0;0m🭥[38;2;29;16;6;48;2;8;0;0m🭚[38;2;8;0;0;48;2;18;7;5m𜴮[38;2;22;8;5;48;2;13;3;0m𜺛[38;2;20;7;2;48;2;13;3;2m🬹[38;2;23;9;5;48;2;10;1;1m𜶊[38;2;19;6;2;48;2;44;28;15m╺[38;2;21;8;3;48;2;14;0;0m🬉[38;2;39;27;19;48;2;19;6;2m●[38;2;13;2;0;48;2;24;10;6m𜵎[38;2;17;7;2;48;2;35;27;14m𜸽[38;2;15;3;1;48;2;26;14;6m𜴉[38;2;15;6;2;48;2;36;23;17m𜶜[38;2;16;9;3;48;2;25;14;8m𜴷[38;2;7;1;0;48;2;21;10;4m𜶬[38;2;44;35;25;48;2;22;14;6m🬃[38;2;18;9;5;48;2;15;6;1m🬹[38;2;18;6;3;48;2;20;10;6m𜴇[38;2;25;16;11;48;2;40;32;27m🬎[38;2;42;29;22;48;2;33;26;15m▂[38;2;45;33;24;48;2;35;23;14m𜺢[38;2;65;51;39;48;2;33;20;13m𜴥[0m
[38;2;45;24;13;48;2;114;90;77m▂[38;2;38;23;10;48;2;115;92;85m▂[38;2;39;27;20;48;2;74;58;61m▂[38;2;51;38;36;48;2;67;52;52m🬷[38;2;36;22;22;48;2;42;27;28m🭧[38;2;20;6;5;48;2;51;32;25m▀[38;2;40;33;23;48;2;22;10;8m𜺗[38;2;29;14;9;48;2;60;40;27m🭠[38;2;18;3;2;48;2;59;39;25m𜴅[38;2;5;0;0;48;2;19;5;5m𜴤[38;2;36;26;24;48;2;14;6;5m🭕[38;2;46;35;32;48;2;30;27;24m🭧[38;2;32;19;10;48;2;51;33;27m🬨[38;2;44;29;26;48;2;29;16;14m𜺯[38;2;41;27;24;48;2;46;24;18m▆[38;2;11;2;2;48;2;38;22;15m🬂[38;2;24;14;7;48;2;17;7;2m🭥[38;2;45;27;21;48;2;66;52;44m𜷂[38;2;54;36;25;48;2;44;27;17m𜵭[38;2;64;47;34;48;2;51;33;24m🬊[38;2;60;42;35;48;2;40;22;14m🬌[38;2;67;48;38;48;2;44;28;17m𜺗[38;2;65;44;33;48;2;60;41;32m🬃[48;2;38;26;19m [38;2;44;28;19;48;2;36;21;13m𜹍[38;2;16;5;2;48;2;26;12;6m𜺓[38;2;24;14;6;48;2;14;5;2m𜸥[48;2;0;0;0m [38;2;17;10;3;48;2;9;0;0m𜴡[38;2;15;9;4;48;2;26;19;9m🭢[38;2;6;2;1;48;2;21;14;5m🭓[38;2;26;20;14;48;2;13;6;2m▀[38;2;7;1;2;48;2;24;19;9m🬍[38;2;22;13;9;48;2;2;0;1m🬏[38;2;23;15;9;48;2;14;3;2m🬎[38;2;16;6;3;48;2;32;32;21m🬭[38;2;14;7;0;48;2;21;13;5m𜴯[38;2;16;9;1;48;2;19;11;3m🭀[38;2;17;8;1;48;2;36;29;14m𜸫[38;2;17;7;2;48;2;18;10;3m🭧[38;2;21;10;2;48;2;15;9;2m▆[38;2;21;8;3;48;2;18;5;3m🭟[48;2;15;6;2m [38;2;19;9;3;48;2;5;0;0m▁[48;2;12;5;2m [48;2;3;0;0m [48;2;3;0;1m [48;2;0;0;0m [38;2;18;10;6;48;2;5;0;0m╺[38;2;19;11;5m🬋[48;2;9;3;2m [48;2;1;0;0m [48;2;0;0;0m [48;2;6;0;0m [48;2;3;0;0m [48;2;6;1;2m [48;2;3;0;0m  [38;2;19;9;4;48;2;5;1;3m𜺓[48;2;19;6;2m [48;2;9;0;0m [48;2;12;0;2m [48;2;9;0;2m [48;2;1;0;1m [48;2;11;0;2m [48;2;8;0;2m [48;2;5;0;1m [48;2;1;0;0m [48;2;7;0;3m [48;2;1;0;0m [48;2;18;2;4m [48;2;13;0;3m [48;2;3;0;0m [48;2;16;0;3m [48;2;6;0;1m [38;2;11;0;2;48;2;25;3;2m🭕[48;2;3;0;0m [38;2;21;6;5;48;2;14;0;1m◖[48;2;3;0;0m [38;2;21;5;3;48;2;19;4;2m𜹡[48;2;9;0;0m [38;2;23;5;3;48;2;9;0;2m𜸥[48;2;14;0;3m [38;2;25;3;5;48;2;18;0;3m𜰲[48;2;12;0;3m [38;2;21;3;5;48;2;18;0;2m⠈[48;2;6;0;1m [48;2;17;2;3m⠂[48;2;1;0;0m [48;2;17;2;2m [48;2;14;0;3m [48;2;8;0;0m [48;2;22;4;2m [48;2;9;0;0m𜺛[38;2;23;5;5;48;2;10;1;2m𜺘[48;2;9;0;1m [38;2;21;6;3;48;2;10;0;1m🭉[38;2;9;0;2;48;2;23;6;3m🭕[38;2;20;9;4;48;2;8;0;2m🬉[38;2;28;14;6;48;2;13;3;1m🬄[38;2;11;2;0;48;2;29;17;9m🬌[38;2;13;4;1;48;2;35;21;9m🬫[38;2;18;8;4;48;2;6;0;0m𜴵[38;2;23;7;4;48;2;15;6;1m𜴎[38;2;13;1;0;48;2;38;18;10m𜸟[38;2;32;20;8;48;2;18;9;0m𜵀[38;2;14;4;1;48;2;29;16;10m𜵣[38;2;21;10;3;48;2;7;0;0m𜺭[38;2;42;30;18;48;2;21;10;2m⇼[38;2;27;18;9;48;2;15;6;2m🬁[38;2;16;6;3;48;2;33;27;12m𜺬[38;2;14;5;2;48;2;26;15;10m𜴬[38;2;41;29;23;48;2;34;23;18m𜺡[38;2;16;6;5;48;2;18;9;5m▗[38;2;21;10;10;48;2;12;3;1m𜴳[38;2;16;9;2;48;2;24;17;11m🬂[38;2;22;14;7;48;2;38;29;23m▀[38;2;18;8;1;48;2;38;26;14m𜴘[38;2;17;6;0;48;2;39;28;16m𜺟[38;2;21;10;2;48;2;18;6;1m𜴬[0m
[38;2;51;38;34;48;2;33;18;9m▅[38;2;25;10;2;48;2;62;40;38m▀[38;2;48;30;29;48;2;23;11;3m🬏[38;2;83;59;58;48;2;36;24;17m𜴦[38;2;85;58;56;48;2;77;51;48m𜴬[38;2;60;45;42;48;2;59;39;35m🬷[38;2;62;44;38;48;2;56;40;35m🭬[38;2;38;17;5;48;2;44;26;16m🭧[38;2;73;51;25;48;2;51;34;20m🭜[38;2;45;29;17;48;2;61;45;38m𜴤[38;2;15;5;2;48;2;19;8;5m𜴅[38;2;16;3;2;48;2;19;9;5m𜺦[38;2;63;44;38;48;2;36;27;19m▀[38;2;45;27;21;48;2;39;23;17m𜵽[38;2;44;27;21;48;2;36;24;19m🬏[38;2;17;7;3;48;2;25;13;10m𜵡[38;2;45;29;22;48;2;20;9;4m▁[38;2;16;9;2;48;2;18;11;4m𜶨[38;2;17;7;3;48;2;35;23;15m𜺤[38;2;44;29;24;48;2;18;8;3m𜷜[38;2;54;36;25;48;2;17;9;3m🬭[38;2;35;23;14;48;2;44;28;19m𜵭[38;2;47;29;23;48;2;41;25;17m𜺜[38;2;46;29;20;48;2;39;23;15m▁[38;2;26;12;5;48;2;56;33;23m🭟[38;2;41;24;13;48;2;46;28;16m𜵻[48;2;23;10;5m [38;2;16;6;4;48;2;18;10;5m🬸[48;2;0;0;0m [38;2;18;10;5;48;2;13;5;5m🬊[38;2;12;2;5;48;2;36;29;14m🭆[38;2;19;6;5;48;2;11;2;2m🬉[38;2;18;7;1;48;2;38;27;17m▃[38;2;15;7;3;48;2;35;24;14m🭃[38;2;2;0;0;48;2;21;12;9m🭒[38;2;21;7;6;48;2;14;5;0m🭓[38;2;16;9;2;48;2;32;25;12m▃[38;2;14;7;1;48;2;26;20;8m𜷡[38;2;14;5;1;48;2;27;19;8m▆[38;2;16;9;2;48;2;23;15;5m𜴖[38;2;27;17;5;48;2;15;5;3m🬒[38;2;28;17;5;48;2;18;7;2m🭗[48;2;10;1;1m [38;2;23;13;3;48;2;17;6;3m🭜[38;2;26;14;5;48;2;16;6;1m🭉[38;2;38;25;5;48;2;21;10;6m🬃[38;2;21;7;5;48;2;10;1;1m𜺦[48;2;1;0;1m [48;2;5;0;1m [48;2;4;0;0m [48;2;2;0;0m [48;2;6;1;0m [48;2;3;0;0m [48;2;0;0;0m  [48;2;1;0;0m [38;2;17;9;6;48;2;0;0;0m𜺗[48;2;9;3;2m [48;2;6;0;0m [48;2;3;0;0m [48;2;0;0;1m [48;2;6;0;2m [48;2;7;0;1m [48;2;6;0;2m [48;2;3;0;2m [48;2;6;0;0m [48;2;8;0;1m [48;2;15;2;3m [48;2;5;0;0m [48;2;2;0;0m [48;2;18;1;3m [48;2;7;0;2m [48;2;2;0;0m [48;2;10;0;2m [48;2;1;0;0m [48;2;22;3;3m [38;2;20;6;5;48;2;11;0;2m◟[38;2;23;5;2;48;2;15;2;0m⠐[48;2;14;1;3m [48;2;17;1;1m [38;2;22;6;3;48;2;18;5;5m▁[38;2;21;5;3;48;2;3;0;2m𜹘[38;2;23;5;3;48;2;11;0;1m◟[48;2;5;0;1m [48;2;11;0;0m [48;2;0;0;0m [48;2;12;0;2m [48;2;3;0;1m [48;2;6;0;0m [48;2;9;0;0m [48;2;3;0;1m [48;2;16;0;1m [48;2;7;0;0m [48;2;15;1;2m [48;2;4;0;2m [48;2;11;0;0m [38;2;21;7;6;48;2;4;0;0m𜺟[38;2;25;10;5;48;2;19;5;1m𜶼[38;2;23;5;3;48;2;12;0;2m🬉[48;2;18;2;4m🬄[38;2;16;3;0;48;2;36;20;5m▊[38;2;33;18;3;48;2;15;4;4m🭏[38;2;21;6;5;48;2;10;0;2m🬉[38;2;8;0;0;48;2;23;6;6m🭦[38;2;21;5;3;48;2;12;2;1m𜺛[38;2;20;9;4;48;2;16;5;2m🭏[38;2;19;7;7;48;2;10;1;1m𜴅[38;2;8;3;0;48;2;35;27;19m🬍[38;2;23;8;3;48;2;5;0;0m🬘[38;2;17;7;2;48;2;28;19;10m𜴷[38;2;20;9;2;48;2;9;1;0m🬫[38;2;16;6;2;48;2;22;12;4m🭥[38;2;7;0;0;48;2;22;11;5m𜸥[38;2;46;38;29;48;2;23;16;12m𜴺[38;2;15;9;4;48;2;20;13;9m𜺪[38;2;12;3;0;48;2;19;9;2m🬀[38;2;16;7;0;48;2;24;13;4m⠁[38;2;18;9;1;48;2;38;29;16m𜵑[38;2;17;8;1;48;2;23;15;6m𜶜[38;2;18;6;2;48;2;19;9;2m🬑[0m
[38;2;72;65;70;48;2;42;38;41m𜵼[38;2;57;40;44;48;2;74;63;64m𜴲[38;2;58;44;42;48;2;44;28;21m▃[38;2;28;14;6;48;2;63;44;36m▀[38;2;63;44;39;48;2;20;9;1m▂[38;2;30;18;9;48;2;45;29;20m𜶄[38;2;80;74;70;48;2;69;52;47m🬃[38;2;33;18;11;48;2;63;46;46m🬊[38;2;33;23;18;48;2;53;50;48m🬌[38;2;36;25;25;48;2;52;42;41m▆[38;2;44;33;33;48;2;38;25;24m𜴄[38;2;38;28;24;48;2;33;21;18m𜴀[38;2;15;7;3;48;2;18;9;3m𜲠[38;2;15;7;6;48;2;22;18;14m🬚[38;2;46;32;15;48;2;40;24;18m𜹉[38;2;46;29;21;48;2;21;8;3m𜺬[38;2;44;28;14;48;2;51;34;25m▅[38;2;38;22;10;48;2;44;27;18m🭕[38;2;15;3;1;48;2;18;7;5m🬀[38;2;29;17;7;48;2;14;3;1m🬎[38;2;44;29;27;48;2;34;23;14m🭤[38;2;42;26;20;48;2;46;29;29m🭆[38;2;42;26;18;48;2;20;6;2m🬎[38;2;51;33;24;48;2;44;25;18m𜹆[38;2;52;26;18;48;2;39;23;15m🬁[38;2;62;41;33;48;2;40;22;14m🬀[38;2;45;28;18;48;2;33;13;9m▃[48;2;26;10;6m [38;2;18;6;1;48;2;22;12;4m🭓[48;2;3;0;0m [38;2;20;13;9;48;2;6;1;0m𜴡[38;2;33;26;17;48;2;15;5;3m🬄[38;2;18;9;3;48;2;9;0;0m𜺭[38;2;11;4;2;48;2;19;9;4m▁[38;2;33;25;16;48;2;9;3;1m🭠[48;2;9;2;1m [38;2;17;9;9;48;2;8;0;0m𜴯[38;2;20;11;7;48;2;15;9;4m🬎[38;2;17;9;3;48;2;14;4;3m𜸱[38;2;23;13;5;48;2;13;5;3m🬂[38;2;17;9;2;48;2;18;10;6m🭝[38;2;6;0;1;48;2;19;9;5m▚[38;2;17;7;2;48;2;21;10;5m𜵫[38;2;13;3;2;48;2;19;8;3m𜶩[38;2;20;9;3;48;2;16;5;5m🬇[38;2;29;15;6;48;2;19;6;2m🬃[48;2;10;2;1m [48;2;10;3;3m [48;2;8;2;2m [48;2;4;0;0m [48;2;5;0;0m [48;2;5;0;2m [48;2;6;0;2m [48;2;3;0;0m [48;2;1;0;0m [48;2;3;0;0m [48;2;0;0;0m [38;2;18;7;6;48;2;1;0;0m⢀[48;2;0;0;0m   [48;2;9;0;2m [48;2;5;0;0m [48;2;7;0;0m [48;2;6;0;1m [48;2;14;0;4m [38;2;22;3;5;48;2;2;0;0m𜸣[48;2;10;0;1m [48;2;5;0;0m [48;2;12;0;1m [38;2;22;4;3;48;2;10;0;1m⠈[38;2;22;3;6;48;2;14;1;2m⠂[38;2;21;3;5;48;2;9;0;0m𜺟[48;2;0;0;0m [48;2;15;1;2m [48;2;10;0;1m [48;2;14;1;0m [48;2;2;0;1m [48;2;14;1;2m [48;2;1;0;0m [38;2;14;2;2;48;2;22;6;2m𜴳[48;2;6;0;0m [38;2;21;5;3;48;2;12;0;2m𜷫[48;2;16;2;5m [38;2;21;6;5;48;2;7;0;0m𜹇[48;2;9;0;0m [38;2;21;3;5;48;2;17;0;2m𜹔[48;2;3;0;0m [48;2;15;2;3m [48;2;4;0;0m [48;2;14;0;4m [48;2;1;0;0m [48;2;4;0;0m [48;2;5;0;1m [48;2;0;0;0m [48;2;5;0;0m [48;2;5;0;2m [48;2;14;4;2m [48;2;3;0;0m [38;2;21;6;5;48;2;15;1;1m𜴅[38;2;22;9;4;48;2;15;5;5m▂[38;2;23;5;5;48;2;10;0;0m🬇[38;2;30;13;9;48;2;11;0;2m𜸧[38;2;21;8;3;48;2;15;3;2m𜴅[38;2;16;5;1;48;2;40;25;14m🭤[38;2;23;9;3;48;2;11;0;0m🭄[38;2;54;38;26;48;2;28;14;6m🬃[38;2;33;23;13;48;2;14;5;2m🬯[38;2;15;6;1;48;2;38;26;14m𜴈[38;2;18;8;2;48;2;18;9;3m𜲡[38;2;16;6;3;48;2;38;26;19m𜹉[38;2;45;36;29;48;2;19;9;3m𜱶[38;2;15;6;0;48;2;23;12;6m🬌[38;2;47;33;25;48;2;39;26;17m𜺑[38;2;45;32;29;48;2;30;19;12m🭧[38;2;51;38;29;48;2;34;21;15m𜴀[38;2;18;8;2;48;2;28;15;10m🬞[38;2;28;16;8;48;2;18;5;0m🭒[48;2;28;12;3m [48;2;25;10;3m [0m
[38;2;36;26;10;48;2;58;51;38m🬌[38;2;92;84;74;48;2;33;27;20m🭧[38;2;78;74;83;48;2;27;24;17m▀[38;2;81;74;79;48;2;38;30;15m▀[38;2;51;44;40;48;2;70;52;52m𜵡[38;2;33;18;12;48;2;59;39;33m𜺭[38;2;14;6;3;48;2;22;11;5m🬦[38;2;14;9;2;48;2;65;57;45m▅[38;2;59;46;34;48;2;70;51;38m𜵐[38;2;40;28;20;48;2;62;47;38m🭧[38;2;10;1;0;48;2;19;8;5m𜴺[38;2;66;47;45;48;2;41;27;21m𜴳[38;2;51;34;28;48;2;39;23;15m𜴀[38;2;18;7;3;48;2;23;12;8m🬇[38;2;14;3;1;48;2;33;21;9m▅[38;2;33;17;8;48;2;14;6;4m𜴦[38;2;18;5;3;48;2;39;23;11m𜺜[38;2;40;24;16;48;2;48;30;22m🭝[38;2;38;23;14;48;2;65;47;39m🬎[38;2;45;29;18;48;2;25;14;7m🬾[38;2;44;29;18;48;2;25;10;4m𜺟[38;2;47;32;18;48;2;19;6;2m▅[38;2;20;7;2;48;2;50;26;16m🬝[38;2;51;29;18;48;2;21;10;4m▖[38;2;51;28;18;48;2;18;9;3m🭋[38;2;47;23;18;48;2;51;27;18m𜴢[38;2;44;26;16;48;2;50;36;22m𜴆[38;2;45;30;14;48;2;41;26;13m▱[48;2;32;19;12m [38;2;19;8;3;48;2;18;6;2m▍[48;2;18;6;3m [38;2;8;0;0;48;2;17;9;7m𜵊[38;2;18;12;6;48;2;10;2;3m𜺥[48;2;9;2;0m [38;2;14;5;1;48;2;23;14;5m🭜[38;2;18;8;3;48;2;15;6;2m🬆[48;2;16;3;3m [38;2;22;14;4;48;2;10;0;0m🭆[38;2;18;10;4;48;2;14;6;3m🭠[38;2;18;8;3;48;2;12;5;3m⠐[38;2;16;9;2;48;2;17;10;4m▅[38;2;26;21;5;48;2;17;7;2m🬀[38;2;14;5;2;48;2;18;7;5m▂[38;2;32;18;5;48;2;16;5;3m🬄[38;2;9;0;2;48;2;20;10;3m🭚[38;2;29;15;5;48;2;10;2;2m🬓[48;2;2;0;1m [48;2;5;0;0m  [48;2;3;0;0m [48;2;5;0;0m [48;2;6;0;0m [48;2;7;0;1m [38;2;15;9;5;48;2;6;0;2m𜺯[38;2;16;10;6;48;2;4;0;1m𜺤[48;2;4;0;2m [48;2;2;0;0m [48;2;3;0;0m [48;2;10;0;0m [48;2;0;0;0m [48;2;1;0;0m [48;2;0;0;0m  [48;2;8;0;3m [48;2;6;0;0m [48;2;13;0;1m [38;2;24;3;2;48;2;17;0;2m𜺒[48;2;11;0;0m [38;2;22;3;5;48;2;11;1;4m🬃[48;2;2;0;0m [48;2;9;0;1m [48;2;15;0;1m [38;2;22;4;4;48;2;5;0;0m𜺓[38;2;22;7;5;48;2;20;5;3m🬞[38;2;8;0;2;48;2;23;9;5m🬎[38;2;22;6;5;48;2;9;0;5m⠁[48;2;2;0;0m [48;2;6;0;1m [38;2;19;9;5;48;2;0;0;0m🭊[38;2;28;18;7;48;2;2;0;0m▖[38;2;18;8;2;48;2;20;10;1m🬺[38;2;10;3;1;48;2;22;12;3m𜶦[38;2;20;7;2;48;2;5;0;0m▗[38;2;7;0;1;48;2;19;8;3m𜴦[38;2;20;5;5;48;2;10;0;0m🭥[38;2;26;10;6;48;2;16;5;3m╺[38;2;19;5;5;48;2;14;2;2m𜶄[48;2;4;0;0m [48;2;11;0;1m [48;2;4;0;0m [48;2;18;0;4m [48;2;2;0;0m [48;2;14;0;3m [48;2;4;0;0m [48;2;10;1;3m [48;2;5;0;1m [48;2;7;0;1m [48;2;0;0;0m [48;2;5;0;1m [48;2;2;0;0m [38;2;25;10;2;48;2;13;1;1m🬂[48;2;18;9;1m [38;2;20;5;6;48;2;10;0;5m🬉[38;2;22;9;0;48;2;14;1;0m𜴎[38;2;34;21;6;48;2;15;3;0m🬡[38;2;18;6;0;48;2;44;28;15m𜶜[38;2;38;24;14;48;2;12;1;0m𜴵[38;2;24;11;3;48;2;14;4;0m𜶩[48;2;20;10;2m [38;2;18;8;1;48;2;28;19;11m🬋[38;2;12;2;0;48;2;33;22;12m▖[38;2;21;8;3;48;2;17;9;2m𜴵[38;2;14;8;2;48;2;20;10;5m𜸾[38;2;14;5;0;48;2;33;21;16m𜺘[38;2;18;9;1;48;2;32;20;14m↱[38;2;42;29;22;48;2;30;22;14m𜸱[48;2;35;26;18m [38;2;19;7;0;48;2;22;9;0m𜸭[38;2;21;7;0;48;2;26;13;2m⠐[48;2;29;14;4m [0m
[38;2;85;69;57;48;2;50;35;25m🬦[38;2;42;26;18;48;2;73;53;41m𜴅[38;2;63;48;47;48;2;13;6;0m▅[38;2;18;8;3;48;2;42;27;27m🬍[38;2;46;45;51;48;2;26;23;22m🭥[38;2;14;10;7;48;2;44;44;52m▂[38;2;46;33;28;48;2;33;19;14m𜴬[38;2;29;18;15;48;2;16;5;3m🭑[38;2;25;19;11;48;2;14;7;3m🭧[38;2;61;51;44;48;2;33;25;16m▀[38;2;38;24;17;48;2;77;58;50m🭄[38;2;14;6;3;48;2;28;16;9m𜶤[38;2;14;6;5;48;2;29;20;15m🬚[38;2;42;27;16;48;2;44;29;23m🬎[38;2;18;5;5;48;2;23;11;8m▀[38;2;8;0;1;48;2;19;7;7m🬆[38;2;63;47;40;48;2;46;28;22m◖[38;2;48;29;19;48;2;42;23;14m𜷟[38;2;51;34;25;48;2;33;18;10m🬒[38;2;48;32;25;48;2;38;23;16m🬀[38;2;20;8;0;48;2;30;17;7m𜴉[38;2;39;27;19;48;2;51;38;30m▇[38;2;51;33;23;48;2;34;21;15m🬂[38;2;57;38;25;48;2;39;23;11m🬀[38;2;48;27;15;48;2;34;18;8m🭤[38;2;63;38;27;48;2;40;20;11m🭜[38;2;44;25;19;48;2;54;34;24m𜷥[48;2;36;20;12m [48;2;24;11;3m [38;2;29;16;5;48;2;18;8;2m𜵰[38;2;18;8;2;48;2;21;10;0m𜷖[38;2;24;14;6;48;2;10;2;1m𜺫[48;2;18;9;1m [38;2;19;8;3;48;2;3;0;0m▖[38;2;21;10;5;48;2;13;3;2m𜺪[38;2;16;7;0;48;2;20;10;6m🭠[38;2;6;0;0;48;2;18;7;5m🬡[48;2;15;5;3m [38;2;18;8;6;48;2;14;4;2m⡀[38;2;18;9;3;48;2;8;0;0m𜴉[48;2;7;0;1m [38;2;22;10;2;48;2;3;0;0m𜺯[38;2;21;10;2;48;2;10;2;0m🭂[38;2;21;10;4;48;2;11;4;3m🭙[38;2;9;1;0;48;2;20;12;5m🬩[48;2;18;6;1m [38;2;8;1;2;48;2;15;8;7m🭞[48;2;7;1;0m [48;2;4;0;1m [48;2;7;1;1m [48;2;5;0;1m [48;2;0;0;0m [38;2;21;6;4;48;2;3;0;0m𜹉[48;2;6;0;1m [48;2;14;3;3m [48;2;3;0;0m [48;2;11;3;3m [48;2;3;0;0m [48;2;0;0;0m [48;2;3;0;0m [48;2;0;0;0m [48;2;1;0;0m [48;2;0;0;0m  [48;2;9;0;3m [48;2;5;0;1m [48;2;2;0;0m [48;2;10;0;0m [48;2;13;0;1m [48;2;5;0;2m [48;2;6;0;2m [48;2;3;0;1m [48;2;6;0;3m [48;2;8;1;1m [38;2;23;9;2;48;2;17;4;0m𜺪[38;2;20;7;3;48;2;7;0;0m▃[38;2;22;9;3;48;2;13;2;5m🬇[38;2;22;10;5;48;2;10;1;0m🬃[48;2;3;0;0m [48;2;18;7;3m [38;2;21;10;4;48;2;15;3;1m🭥[38;2;14;2;2;48;2;23;12;2m▁[38;2;20;9;5;48;2;7;0;0m🬞[38;2;26;14;5;48;2;20;6;2m𜺢[38;2;23;6;7;48;2;9;1;0m🭮[38;2;23;7;8;48;2;10;0;0m▋[38;2;22;8;2;48;2;10;0;1m𜺓[48;2;17;3;2m [38;2;22;4;3;48;2;5;0;1m╶[48;2;2;0;0m [48;2;12;0;4m [48;2;6;0;2m [48;2;11;0;0m [48;2;1;0;0m [48;2;9;0;2m [48;2;0;0;0m [48;2;7;0;1m [48;2;0;0;0m [48;2;5;0;2m [48;2;2;0;0m [48;2;6;0;3m [48;2;2;0;0m [48;2;14;1;2m [48;2;10;0;1m [48;2;8;0;0m [38;2;24;14;3;48;2;15;6;2m𜺩[38;2;21;10;8;48;2;18;5;1m𜴦[38;2;11;2;0;48;2;18;8;4m𜴢[38;2;18;7;0;48;2;22;9;1m𜴴[38;2;39;26;18;48;2;16;5;1m▙[38;2;15;5;1;48;2;19;8;3m𜵈[38;2;26;18;10;48;2;12;3;0m▌[38;2;15;5;2;48;2;20;7;3m🭀[38;2;23;12;3;48;2;15;6;0m𜷥[38;2;32;16;7;48;2;16;9;1m𜴏[38;2;15;6;1;48;2;30;18;10m🬓[48;2;40;28;20m [48;2;24;11;3m [38;2;44;29;16;48;2;29;14;4m𜰨[38;2;20;6;2;48;2;30;15;6m🬉[0m